,OBJECTID,FeatureID,Latitude,Longitude,Geography,Measure,Group_,Group_Num,ValueType,Timeframe,Value,Population
0,1,27,1.1,1.1,State,Gender - Series Initiated,Female,1,percentage,current,53.7428283691406,2279968.0
1,2,28,1.1,1.1,State,Gender - Series Initiated,Male,2,percentage,current,45.9750595092773,2383648.0
2,3,29,1.1,1.1,State,Gender - Series Initiated,Unknown,3,percentage,current,0.282111257314682,
3,4,1,1.1,1.1,State,Total Series Initiated,N/A,1,count,current,2625583.0,
4,5,2,1.1,1.1,State,Total Series Completed,N/A,2,count,current,2325707.0,
5,6,3,1.1,1.1,State,Total Doses Administered,N/A,3,count,current,4777551.0,
6,7,4,1.1,1.1,State,Doses Since Last Update,N/A,4,count,current,9195.0,
7,8,5,1.1,1.1,State,Extra Doses,N/A,5,count,current,718168.0,
8,9,7,29.656247,-89.511787,Region,Region - Series Initiated,LDH Region 1,1,count,current,621578.0,894015.0
9,10,8,30.568097,-91.278935,Region,Region - Series Initiated,LDH Region 2,2,count,current,399112.0,681120.0
10,11,9,29.586006,-90.805623,Region,Region - Series Initiated,LDH Region 3,3,count,current,209571.0,402776.0
11,12,10,30.149594,-92.080517,Region,Region - Series Initiated,LDH Region 4,4,count,current,303773.0,606054.0
12,13,11,30.249692,-93.164307,Region,Region - Series Initiated,LDH Region 5,5,count,current,127807.0,300947.0
13,14,12,31.419511,-92.410308,Region,Region - Series Initiated,LDH Region 6,6,count,current,143799.0,305140.0
14,15,13,32.238626,-93.404993,Region,Region - Series Initiated,LDH Region 7,7,count,current,258084.0,542829.0
15,16,14,32.471449,-91.888149,Region,Region - Series Initiated,LDH Region 8,8,count,current,163112.0,353159.0
16,17,15,30.591399,-90.300042,Region,Region - Series Initiated,LDH Region 9,9,count,current,303989.0,577576.0
17,18,17,1.1,1.1,State,Age - Series Initiated,Age 0-4 Years,1,percentage,current,0.0,309339.0
18,19,18,1.1,1.1,State,Age - Series Initiated,Age 5-17 Years,2,percentage,current,7.24777364730835,799135.0
19,20,19,1.1,1.1,State,Age - Series Initiated,Age 18-29 Years,3,percentage,current,14.1609201431274,790297.0
20,21,20,1.1,1.1,State,Age - Series Initiated,Age 30-39 Years,4,percentage,current,13.9498300552368,629839.0
21,22,21,1.1,1.1,State,Age - Series Initiated,Age 40-49 Years,5,percentage,current,13.8895015716553,554773.0
22,23,22,1.1,1.1,State,Age - Series Initiated,Age 50-59 Years,6,percentage,current,16.0537872314453,616019.0
23,24,23,1.1,1.1,State,Age - Series Initiated,Age 60-69 Years,7,percentage,current,17.4555053710938,521970.0
24,25,24,1.1,1.1,State,Age - Series Initiated,Age 70+ Years,8,percentage,current,17.2343158721924,442244.0
25,26,25,1.1,1.1,State,Age - Series Initiated,Age Unknown,9,percentage,current,0.0083646979182959,
26,27,31,1.1,1.1,State,Race - Series Initiated,Asian,1,percentage,current,2.7365186214447,79872.0
27,28,32,1.1,1.1,State,Race - Series Initiated,Black,2,percentage,current,31.7407913208008,1502916.0
28,29,33,1.1,1.1,State,Race - Series Initiated,Native Hawaiian,3,percentage,current,0.18721929192543,1468.0
29,30,34,1.1,1.1,State,Race - Series Initiated,American Indian,4,percentage,current,0.425376445055008,26272.0
30,31,35,1.1,1.1,State,Race - Series Initiated,White,5,percentage,current,57.3532600402832,2901106.0
31,32,36,1.1,1.1,State,Race - Series Initiated,Other,6,percentage,current,6.25343990325928,151982.0
32,33,37,1.1,1.1,State,Race - Series Initiated,Unknown,7,percentage,current,1.30339348316193,
33,34,39,29.656247,-89.511787,Region,Region - Series Complete,LDH Region 1,1,count,current,553931.0,894015.0
34,35,40,30.568097,-91.278935,Region,Region - Series Complete,LDH Region 2,2,count,current,360656.0,681120.0
35,36,41,29.586006,-90.805623,Region,Region - Series Complete,LDH Region 3,3,count,current,187604.0,402776.0
36,37,42,30.149594,-92.080517,Region,Region - Series Complete,LDH Region 4,4,count,current,273974.0,606054.0
37,38,43,30.249692,-93.164307,Region,Region - Series Complete,LDH Region 5,5,count,current,113149.0,300947.0
38,39,44,31.419511,-92.410308,Region,Region - Series Complete,LDH Region 6,6,count,current,126978.0,305140.0
39,40,45,32.238626,-93.404993,Region,Region - Series Complete,LDH Region 7,7,count,current,228900.0,542829.0
40,41,46,32.471449,-91.888149,Region,Region - Series Complete,LDH Region 8,8,count,current,145576.0,353159.0
41,42,47,30.591399,-90.300042,Region,Region - Series Complete,LDH Region 9,9,count,current,275019.0,577576.0
42,43,49,1.1,1.1,State,Age - Series Complete,Age 0-4 Years,1,percentage,current,0.0,309339.0
43,44,50,1.1,1.1,State,Age - Series Complete,Age 5-17 Years,2,percentage,current,6.27199125289917,799135.0
44,45,51,1.1,1.1,State,Age - Series Complete,Age 18-29 Years,3,percentage,current,13.0841407775879,790297.0
45,46,52,1.1,1.1,State,Age - Series Complete,Age 30-39 Years,4,percentage,current,13.4297819137573,629839.0
46,47,53,1.1,1.1,State,Age - Series Complete,Age 40-49 Years,5,percentage,current,13.8408651351929,554773.0
47,48,54,1.1,1.1,State,Age - Series Complete,Age 50-59 Years,6,percentage,current,16.5174465179443,616019.0
48,49,55,1.1,1.1,State,Age - Series Complete,Age 60-69 Years,7,percentage,current,18.4257488250732,521970.0
49,50,56,1.1,1.1,State,Age - Series Complete,Age 70+ Years,8,percentage,current,18.4264545440674,442244.0
50,51,57,1.1,1.1,State,Age - Series Complete,Age Unknown,9,percentage,current,0.0035719498991966,
51,52,59,1.1,1.1,State,Gender - Series Complete,Female,1,percentage,current,54.117244720459,2279968.0
52,53,60,1.1,1.1,State,Gender - Series Complete,Male,2,percentage,current,45.6271171569824,2383648.0
53,54,61,1.1,1.1,State,Gender - Series Complete,Unknown,3,percentage,current,0.255636960268021,
54,55,63,1.1,1.1,State,Race - Series Complete,Asian,1,percentage,current,2.81209468841553,79872.0
55,56,64,1.1,1.1,State,Race - Series Complete,Black,2,percentage,current,31.0324382781982,1502916.0
56,57,65,1.1,1.1,State,Race - Series Complete,Native Hawaiian,3,percentage,current,0.187064334750176,1468.0
57,58,66,1.1,1.1,State,Race - Series Complete,American Indian,4,percentage,current,0.40640851855278,26272.0
58,59,67,1.1,1.1,State,Race - Series Complete,White,5,percentage,current,58.4954872131348,2901106.0
59,60,68,1.1,1.1,State,Race - Series Complete,Other,6,percentage,current,5.83661031723022,151982.0
60,61,69,1.1,1.1,State,Race - Series Complete,Unknown,7,percentage,current,1.22989726066589,
61,62,71,1.1,1.1,Region 1,Age - Series Initiated,Age 0-4 Years,1,percentage,current,0.0,
62,63,72,1.1,1.1,Region 1,Age - Series Initiated,Age 5-17 Years,2,percentage,current,8.5350513458252,
63,64,73,1.1,1.1,Region 1,Age - Series Initiated,Age 18-29 Years,3,percentage,current,15.8644609451294,
64,65,74,1.1,1.1,Region 1,Age - Series Initiated,Age 30-39 Years,4,percentage,current,16.547399520874,
65,66,75,1.1,1.1,Region 1,Age - Series Initiated,Age 40-49 Years,5,percentage,current,14.1132726669312,
66,67,76,1.1,1.1,Region 1,Age - Series Initiated,Age 50-59 Years,6,percentage,current,15.0483121871948,
67,68,77,1.1,1.1,Region 1,Age - Series Initiated,Age 60-69 Years,7,percentage,current,15.5015134811401,
68,69,78,1.1,1.1,Region 1,Age - Series Initiated,Age 70+ Years,8,percentage,current,14.3796920776367,
69,70,79,1.1,1.1,Region 1,Age - Series Initiated,Age Unknown,9,percentage,current,0.0102963745594025,
70,71,81,1.1,1.1,Region 1,Gender - Series Initiated,Female,1,percentage,current,53.0996932983398,
71,72,82,1.1,1.1,Region 1,Gender - Series Initiated,Male,2,percentage,current,46.6604347229004,
72,73,83,1.1,1.1,Region 1,Gender - Series Initiated,Unknown,3,percentage,current,0.239873349666595,
73,74,85,1.1,1.1,Region 1,Race - Series Initiated,Asian,1,percentage,current,4.56692504882813,
74,75,86,1.1,1.1,Region 1,Race - Series Initiated,Black,2,percentage,current,35.5533828735352,
75,76,87,1.1,1.1,Region 1,Race - Series Initiated,Native Hawaiian,3,percentage,current,0.306317150592804,
76,77,88,1.1,1.1,Region 1,Race - Series Initiated,American Indian,4,percentage,current,0.443387627601623,
77,78,89,1.1,1.1,Region 1,Race - Series Initiated,White,5,percentage,current,50.1122932434082,
78,79,90,1.1,1.1,Region 1,Race - Series Initiated,Other,6,percentage,current,7.56526136398315,
79,80,91,1.1,1.1,Region 1,Race - Series Initiated,Unknown,7,percentage,current,1.45243239402771,
80,81,93,1.1,1.1,Region 2,Age - Series Initiated,Age 0-4 Years,1,percentage,current,0.0,
81,82,94,1.1,1.1,Region 2,Age - Series Initiated,Age 5-17 Years,2,percentage,current,7.78929233551025,
82,83,95,1.1,1.1,Region 2,Age - Series Initiated,Age 18-29 Years,3,percentage,current,15.1090421676636,
83,84,96,1.1,1.1,Region 2,Age - Series Initiated,Age 30-39 Years,4,percentage,current,14.4019727706909,
84,85,97,1.1,1.1,Region 2,Age - Series Initiated,Age 40-49 Years,5,percentage,current,14.3721561431885,
85,86,98,1.1,1.1,Region 2,Age - Series Initiated,Age 50-59 Years,6,percentage,current,15.9604320526123,
86,87,99,1.1,1.1,Region 2,Age - Series Initiated,Age 60-69 Years,7,percentage,current,16.5517444610596,
87,88,100,1.1,1.1,Region 2,Age - Series Initiated,Age 70+ Years,8,percentage,current,15.807843208313,
88,89,101,1.1,1.1,Region 2,Age - Series Initiated,Age Unknown,9,percentage,current,0.0075166872702539,
89,90,103,1.1,1.1,Region 2,Gender - Series Initiated,Female,1,percentage,current,53.6242942810059,
90,91,104,1.1,1.1,Region 2,Gender - Series Initiated,Male,2,percentage,current,46.1562156677246,
91,92,105,1.1,1.1,Region 2,Gender - Series Initiated,Unknown,3,percentage,current,0.219487264752388,
92,93,107,1.1,1.1,Region 2,Race - Series Initiated,Asian,1,percentage,current,3.22165203094482,
93,94,108,1.1,1.1,Region 2,Race - Series Initiated,Black,2,percentage,current,39.1869964599609,
94,95,109,1.1,1.1,Region 2,Race - Series Initiated,Native Hawaiian,3,percentage,current,0.151085406541824,
95,96,110,1.1,1.1,Region 2,Race - Series Initiated,American Indian,4,percentage,current,0.281124085187912,
96,97,111,1.1,1.1,Region 2,Race - Series Initiated,White,5,percentage,current,50.7782287597656,
97,98,112,1.1,1.1,Region 2,Race - Series Initiated,Other,6,percentage,current,5.28022193908691,
98,99,113,1.1,1.1,Region 2,Race - Series Initiated,Unknown,7,percentage,current,1.10069358348846,
99,100,115,1.1,1.1,Region 3,Age - Series Initiated,Age 0-4 Years,1,percentage,current,0.0,
100,101,116,1.1,1.1,Region 3,Age - Series Initiated,Age 5-17 Years,2,percentage,current,6.64261770248413,
101,102,117,1.1,1.1,Region 3,Age - Series Initiated,Age 18-29 Years,3,percentage,current,13.2379961013794,
102,103,118,1.1,1.1,Region 3,Age - Series Initiated,Age 30-39 Years,4,percentage,current,12.844334602356,
103,104,119,1.1,1.1,Region 3,Age - Series Initiated,Age 40-49 Years,5,percentage,current,13.8129796981812,
104,105,120,1.1,1.1,Region 3,Age - Series Initiated,Age 50-59 Years,6,percentage,current,17.57399559021,
105,106,121,1.1,1.1,Region 3,Age - Series Initiated,Age 60-69 Years,7,percentage,current,18.4538898468018,
106,107,122,1.1,1.1,Region 3,Age - Series Initiated,Age 70+ Years,8,percentage,current,17.4298915863037,
107,108,123,1.1,1.1,Region 3,Age - Series Initiated,Age Unknown,9,percentage,current,0.0042944871820509,
108,109,125,1.1,1.1,Region 3,Gender - Series Initiated,Female,1,percentage,current,52.8598899841309,
109,110,126,1.1,1.1,Region 3,Gender - Series Initiated,Male,2,percentage,current,46.9611740112305,
110,111,127,1.1,1.1,Region 3,Gender - Series Initiated,Unknown,3,percentage,current,0.17893697321415,
111,112,129,1.1,1.1,Region 3,Race - Series Initiated,Asian,1,percentage,current,2.10477590560913,
112,113,130,1.1,1.1,Region 3,Race - Series Initiated,Black,2,percentage,current,27.7638607025146,
113,114,131,1.1,1.1,Region 3,Race - Series Initiated,Native Hawaiian,3,percentage,current,0.140286579728127,
114,115,132,1.1,1.1,Region 3,Race - Series Initiated,American Indian,4,percentage,current,1.03544855117798,
115,116,133,1.1,1.1,Region 3,Race - Series Initiated,White,5,percentage,current,62.4394607543945,
116,117,134,1.1,1.1,Region 3,Race - Series Initiated,Other,6,percentage,current,5.59046792984009,
117,118,135,1.1,1.1,Region 3,Race - Series Initiated,Unknown,7,percentage,current,0.925700604915619,
118,119,137,1.1,1.1,Region 4,Age - Series Initiated,Age 0-4 Years,1,percentage,current,0.0,
119,120,138,1.1,1.1,Region 4,Age - Series Initiated,Age 5-17 Years,2,percentage,current,6.98350429534912,
120,121,139,1.1,1.1,Region 4,Age - Series Initiated,Age 18-29 Years,3,percentage,current,13.7105665206909,
121,122,140,1.1,1.1,Region 4,Age - Series Initiated,Age 30-39 Years,4,percentage,current,13.5239143371582,
122,123,141,1.1,1.1,Region 4,Age - Series Initiated,Age 40-49 Years,5,percentage,current,13.6111507415772,
123,124,142,1.1,1.1,Region 4,Age - Series Initiated,Age 50-59 Years,6,percentage,current,16.5073928833008,
124,125,143,1.1,1.1,Region 4,Age - Series Initiated,Age 60-69 Years,7,percentage,current,18.0710601806641,
125,126,144,1.1,1.1,Region 4,Age - Series Initiated,Age 70+ Years,8,percentage,current,17.5841827392578,
126,127,145,1.1,1.1,Region 4,Age - Series Initiated,Age Unknown,9,percentage,current,0.0082298293709755,
127,128,147,1.1,1.1,Region 4,Gender - Series Initiated,Female,1,percentage,current,53.7931289672852,
128,129,148,1.1,1.1,Region 4,Gender - Series Initiated,Male,2,percentage,current,45.9306793212891,
129,130,149,1.1,1.1,Region 4,Gender - Series Initiated,Unknown,3,percentage,current,0.276193082332611,
130,131,151,1.1,1.1,Region 4,Race - Series Initiated,Asian,1,percentage,current,2.36294865608215,
131,132,152,1.1,1.1,Region 4,Race - Series Initiated,Black,2,percentage,current,29.1145038604736,
132,133,153,1.1,1.1,Region 4,Race - Series Initiated,Native Hawaiian,3,percentage,current,0.24261537194252,
133,134,154,1.1,1.1,Region 4,Race - Series Initiated,American Indian,4,percentage,current,0.32063415646553,
134,135,155,1.1,1.1,Region 4,Race - Series Initiated,White,5,percentage,current,59.6043739318848,
135,136,156,1.1,1.1,Region 4,Race - Series Initiated,Other,6,percentage,current,7.00918102264404,
136,137,157,1.1,1.1,Region 4,Race - Series Initiated,Unknown,7,percentage,current,1.34574174880981,
137,138,159,1.1,1.1,Region 5,Age - Series Initiated,Age 0-4 Years,1,percentage,current,0.0,
138,139,160,1.1,1.1,Region 5,Age - Series Initiated,Age 5-17 Years,2,percentage,current,5.81423568725586,
139,140,161,1.1,1.1,Region 5,Age - Series Initiated,Age 18-29 Years,3,percentage,current,12.8036804199219,
140,141,162,1.1,1.1,Region 5,Age - Series Initiated,Age 30-39 Years,4,percentage,current,12.6691026687622,
141,142,163,1.1,1.1,Region 5,Age - Series Initiated,Age 40-49 Years,5,percentage,current,13.3756370544434,
142,143,164,1.1,1.1,Region 5,Age - Series Initiated,Age 50-59 Years,6,percentage,current,16.5170917510986,
143,144,165,1.1,1.1,Region 5,Age - Series Initiated,Age 60-69 Years,7,percentage,current,19.4770240783691,
144,145,166,1.1,1.1,Region 5,Age - Series Initiated,Age 70+ Years,8,percentage,current,19.3361873626709,
145,146,167,1.1,1.1,Region 5,Age - Series Initiated,Age Unknown,9,percentage,current,0.0070418678224087,
146,147,169,1.1,1.1,Region 5,Gender - Series Initiated,Female,1,percentage,current,52.9462394714355,
147,148,170,1.1,1.1,Region 5,Gender - Series Initiated,Male,2,percentage,current,46.6891479492188,
148,149,171,1.1,1.1,Region 5,Gender - Series Initiated,Unknown,3,percentage,current,0.364612281322479,
149,150,173,1.1,1.1,Region 5,Race - Series Initiated,Asian,1,percentage,current,2.62505173683167,
150,151,174,1.1,1.1,Region 5,Race - Series Initiated,Black,2,percentage,current,22.9956111907959,
151,152,175,1.1,1.1,Region 5,Race - Series Initiated,Native Hawaiian,3,percentage,current,0.136142775416374,
152,153,176,1.1,1.1,Region 5,Race - Series Initiated,American Indian,4,percentage,current,0.434248507022858,
153,154,177,1.1,1.1,Region 5,Race - Series Initiated,White,5,percentage,current,64.106819152832,
154,155,178,1.1,1.1,Region 5,Race - Series Initiated,Other,6,percentage,current,7.91662406921387,
155,156,179,1.1,1.1,Region 5,Race - Series Initiated,Unknown,7,percentage,current,1.78550469875336,
156,157,181,1.1,1.1,Region 6,Age - Series Initiated,Age 0-4 Years,1,percentage,current,0.0,
157,158,182,1.1,1.1,Region 6,Age - Series Initiated,Age 5-17 Years,2,percentage,current,6.48265981674194,
158,159,183,1.1,1.1,Region 6,Age - Series Initiated,Age 18-29 Years,3,percentage,current,13.7504434585571,
159,160,184,1.1,1.1,Region 6,Age - Series Initiated,Age 30-39 Years,4,percentage,current,12.9249858856201,
160,161,185,1.1,1.1,Region 6,Age - Series Initiated,Age 40-49 Years,5,percentage,current,13.3019008636475,
161,162,186,1.1,1.1,Region 6,Age - Series Initiated,Age 50-59 Years,6,percentage,current,16.0863418579102,
162,163,187,1.1,1.1,Region 6,Age - Series Initiated,Age 60-69 Years,7,percentage,current,18.2122268676758,
163,164,188,1.1,1.1,Region 6,Age - Series Initiated,Age 70+ Years,8,percentage,current,19.2303142547607,
164,165,189,1.1,1.1,Region 6,Age - Series Initiated,Age Unknown,9,percentage,current,0.0111266421154141,
165,166,191,1.1,1.1,Region 6,Gender - Series Initiated,Female,1,percentage,current,52.509407043457,
166,167,192,1.1,1.1,Region 6,Gender - Series Initiated,Male,2,percentage,current,46.9064445495605,
167,168,193,1.1,1.1,Region 6,Gender - Series Initiated,Unknown,3,percentage,current,0.584148705005646,
168,169,195,1.1,1.1,Region 6,Race - Series Initiated,Asian,1,percentage,current,1.49653339385986,
169,170,196,1.1,1.1,Region 6,Race - Series Initiated,Black,2,percentage,current,28.2213363647461,
170,171,197,1.1,1.1,Region 6,Race - Series Initiated,Native Hawaiian,3,percentage,current,0.143255516886711,
171,172,198,1.1,1.1,Region 6,Race - Series Initiated,American Indian,4,percentage,current,0.425594061613083,
172,173,199,1.1,1.1,Region 6,Race - Series Initiated,White,5,percentage,current,59.566478729248,
173,174,200,1.1,1.1,Region 6,Race - Series Initiated,Other,6,percentage,current,7.60575532913208,
174,175,201,1.1,1.1,Region 6,Race - Series Initiated,Unknown,7,percentage,current,2.54104685783386,
175,176,203,1.1,1.1,Region 7,Age - Series Initiated,Age 0-4 Years,1,percentage,current,0.0,
176,177,204,1.1,1.1,Region 7,Age - Series Initiated,Age 5-17 Years,2,percentage,current,6.91092824935913,
177,178,205,1.1,1.1,Region 7,Age - Series Initiated,Age 18-29 Years,3,percentage,current,12.219277381897,
178,179,206,1.1,1.1,Region 7,Age - Series Initiated,Age 30-39 Years,4,percentage,current,12.2541494369507,
179,180,207,1.1,1.1,Region 7,Age - Series Initiated,Age 40-49 Years,5,percentage,current,13.468095779419,
180,181,208,1.1,1.1,Region 7,Age - Series Initiated,Age 50-59 Years,6,percentage,current,16.1377696990967,
181,182,209,1.1,1.1,Region 7,Age - Series Initiated,Age 60-69 Years,7,percentage,current,18.7969799041748,
182,183,210,1.1,1.1,Region 7,Age - Series Initiated,Age 70+ Years,8,percentage,current,20.2031116485596,
183,184,211,1.1,1.1,Region 7,Age - Series Initiated,Age Unknown,9,percentage,current,0.0096867689862847,
184,185,213,1.1,1.1,Region 7,Gender - Series Initiated,Female,1,percentage,current,56.2991104125977,
185,186,214,1.1,1.1,Region 7,Gender - Series Initiated,Male,2,percentage,current,43.4238471984863,
186,187,215,1.1,1.1,Region 7,Gender - Series Initiated,Unknown,3,percentage,current,0.277041584253311,
187,188,217,1.1,1.1,Region 7,Race - Series Initiated,Asian,1,percentage,current,1.76647913455963,
188,189,218,1.1,1.1,Region 7,Race - Series Initiated,Black,2,percentage,current,37.6408462524414,
189,190,219,1.1,1.1,Region 7,Race - Series Initiated,Native Hawaiian,3,percentage,current,0.128640294075012,
190,191,220,1.1,1.1,Region 7,Race - Series Initiated,American Indian,4,percentage,current,0.547883629798889,
191,192,221,1.1,1.1,Region 7,Race - Series Initiated,White,5,percentage,current,54.8739929199219,
192,193,222,1.1,1.1,Region 7,Race - Series Initiated,Other,6,percentage,current,4.10796499252319,
193,194,223,1.1,1.1,Region 7,Race - Series Initiated,Unknown,7,percentage,current,0.934191942214966,
194,195,225,1.1,1.1,Region 8,Age - Series Initiated,Age 0-4 Years,1,percentage,current,0.0,
195,196,226,1.1,1.1,Region 8,Age - Series Initiated,Age 5-17 Years,2,percentage,current,6.08477592468262,
196,197,227,1.1,1.1,Region 8,Age - Series Initiated,Age 18-29 Years,3,percentage,current,13.4269704818726,
197,198,228,1.1,1.1,Region 8,Age - Series Initiated,Age 30-39 Years,4,percentage,current,11.7410125732422,
198,199,229,1.1,1.1,Region 8,Age - Series Initiated,Age 40-49 Years,5,percentage,current,13.4570112228394,
199,200,230,1.1,1.1,Region 8,Age - Series Initiated,Age 50-59 Years,6,percentage,current,16.0441913604736,
200,201,231,1.1,1.1,Region 8,Age - Series Initiated,Age 60-69 Years,7,percentage,current,18.9090938568115,
201,202,232,1.1,1.1,Region 8,Age - Series Initiated,Age 70+ Years,8,percentage,current,20.327751159668,
202,203,233,1.1,1.1,Region 8,Age - Series Initiated,Age Unknown,9,percentage,current,0.0091961352154613,
203,204,235,1.1,1.1,Region 8,Gender - Series Initiated,Female,1,percentage,current,55.52197265625,
204,205,236,1.1,1.1,Region 8,Gender - Series Initiated,Male,2,percentage,current,44.1947860717773,
205,206,237,1.1,1.1,Region 8,Gender - Series Initiated,Unknown,3,percentage,current,0.283240973949432,
206,207,239,1.1,1.1,Region 8,Race - Series Initiated,Asian,1,percentage,current,1.34079647064209,
207,208,240,1.1,1.1,Region 8,Race - Series Initiated,Black,2,percentage,current,35.8814811706543,
208,209,241,1.1,1.1,Region 8,Race - Series Initiated,Native Hawaiian,3,percentage,current,0.0852175205945969,
209,210,242,1.1,1.1,Region 8,Race - Series Initiated,American Indian,4,percentage,current,0.209058806300163,
210,211,243,1.1,1.1,Region 8,Race - Series Initiated,White,5,percentage,current,55.6930198669434,
211,212,244,1.1,1.1,Region 8,Race - Series Initiated,Other,6,percentage,current,5.88613939285278,
212,213,245,1.1,1.1,Region 8,Race - Series Initiated,Unknown,7,percentage,current,0.904286623001099,
213,214,247,1.1,1.1,Region 9,Age - Series Initiated,Age 0-4 Years,1,percentage,current,0.0,
214,215,248,1.1,1.1,Region 9,Age - Series Initiated,Age 5-17 Years,2,percentage,current,6.51174879074097,
215,216,249,1.1,1.1,Region 9,Age - Series Initiated,Age 18-29 Years,3,percentage,current,13.2057409286499,
216,217,250,1.1,1.1,Region 9,Age - Series Initiated,Age 30-39 Years,4,percentage,current,12.7803964614868,
217,218,251,1.1,1.1,Region 9,Age - Series Initiated,Age 40-49 Years,5,percentage,current,14.1824207305908,
218,219,252,1.1,1.1,Region 9,Age - Series Initiated,Age 50-59 Years,6,percentage,current,16.453556060791,
219,220,253,1.1,1.1,Region 9,Age - Series Initiated,Age 60-69 Years,7,percentage,current,18.2799377441406,
220,221,254,1.1,1.1,Region 9,Age - Series Initiated,Age 70+ Years,8,percentage,current,18.5815925598145,
221,222,255,1.1,1.1,Region 9,Age - Series Initiated,Age Unknown,9,percentage,current,0.004605429712683,
222,223,257,1.1,1.1,Region 9,Gender - Series Initiated,Female,1,percentage,current,53.7683944702148,
223,224,258,1.1,1.1,Region 9,Gender - Series Initiated,Male,2,percentage,current,46.0467338562012,
224,225,259,1.1,1.1,Region 9,Gender - Series Initiated,Unknown,3,percentage,current,0.18487511575222,
225,226,261,1.1,1.1,Region 9,Race - Series Initiated,Asian,1,percentage,current,1.34379863739014,
226,227,262,1.1,1.1,Region 9,Race - Series Initiated,Black,2,percentage,current,17.8957138061523,
227,228,263,1.1,1.1,Region 9,Race - Series Initiated,Native Hawaiian,3,percentage,current,0.115135744214058,
228,229,264,1.1,1.1,Region 9,Race - Series Initiated,American Indian,4,percentage,current,0.27073347568512,
229,230,265,1.1,1.1,Region 9,Race - Series Initiated,White,5,percentage,current,74.3102569580078,
230,231,266,1.1,1.1,Region 9,Race - Series Initiated,Other,6,percentage,current,5.04853773117065,
231,232,267,1.1,1.1,Region 9,Race - Series Initiated,Unknown,7,percentage,current,1.01582622528076,
232,233,269,1.1,1.1,Region 1,Age - Series Complete,Age 0-4 Years,1,percentage,current,0.0,
233,234,270,1.1,1.1,Region 1,Age - Series Complete,Age 5-17 Years,2,percentage,current,7.23772478103638,
234,235,271,1.1,1.1,Region 1,Age - Series Complete,Age 18-29 Years,3,percentage,current,14.7491292953491,
235,236,272,1.1,1.1,Region 1,Age - Series Complete,Age 30-39 Years,4,percentage,current,16.1086845397949,
236,237,273,1.1,1.1,Region 1,Age - Series Complete,Age 40-49 Years,5,percentage,current,14.203574180603,
237,238,274,1.1,1.1,Region 1,Age - Series Complete,Age 50-59 Years,6,percentage,current,15.6396732330322,
238,239,275,1.1,1.1,Region 1,Age - Series Complete,Age 60-69 Years,7,percentage,current,16.5251636505127,
239,240,276,1.1,1.1,Region 1,Age - Series Complete,Age 70+ Years,8,percentage,current,15.5315370559692,
240,241,277,1.1,1.1,Region 1,Age - Series Complete,Age Unknown,9,percentage,current,0.0045131975784898,
241,242,279,1.1,1.1,Region 1,Gender - Series Complete,Female,1,percentage,current,53.5976486206055,
242,243,280,1.1,1.1,Region 1,Gender - Series Complete,Male,2,percentage,current,46.1804809570313,
243,244,281,1.1,1.1,Region 1,Gender - Series Complete,Unknown,3,percentage,current,0.22186878323555,
244,245,283,1.1,1.1,Region 1,Race - Series Complete,Asian,1,percentage,current,4.73542737960815,
245,246,284,1.1,1.1,Region 1,Race - Series Complete,Black,2,percentage,current,34.8891830444336,
246,247,285,1.1,1.1,Region 1,Race - Series Complete,Native Hawaiian,3,percentage,current,0.310688525438309,
247,248,286,1.1,1.1,Region 1,Race - Series Complete,American Indian,4,percentage,current,0.426587432622909,
248,249,287,1.1,1.1,Region 1,Race - Series Complete,White,5,percentage,current,51.3870849609375,
249,250,288,1.1,1.1,Region 1,Race - Series Complete,Other,6,percentage,current,6.84381246566772,
250,251,289,1.1,1.1,Region 1,Race - Series Complete,Unknown,7,percentage,current,1.40721499919891,
251,252,291,1.1,1.1,Region 2,Age - Series Complete,Age 0-4 Years,1,percentage,current,0.0,
252,253,292,1.1,1.1,Region 2,Age - Series Complete,Age 5-17 Years,2,percentage,current,6.83199501037598,
253,254,293,1.1,1.1,Region 2,Age - Series Complete,Age 18-29 Years,3,percentage,current,14.0602121353149,
254,255,294,1.1,1.1,Region 2,Age - Series Complete,Age 30-39 Years,4,percentage,current,13.9443130493164,
255,256,295,1.1,1.1,Region 2,Age - Series Complete,Age 40-49 Years,5,percentage,current,14.4195575714111,
256,257,296,1.1,1.1,Region 2,Age - Series Complete,Age 50-59 Years,6,percentage,current,16.4444789886475,
257,258,297,1.1,1.1,Region 2,Age - Series Complete,Age 60-69 Years,7,percentage,current,17.4149322509766,
258,259,298,1.1,1.1,Region 2,Age - Series Complete,Age 70+ Years,8,percentage,current,16.8817386627197,
259,260,299,1.1,1.1,Region 2,Age - Series Complete,Age Unknown,9,percentage,current,0.002772725187242,
260,261,301,1.1,1.1,Region 2,Gender - Series Complete,Female,1,percentage,current,53.9916152954102,
261,262,302,1.1,1.1,Region 2,Gender - Series Complete,Male,2,percentage,current,45.8059768676758,
262,263,303,1.1,1.1,Region 2,Gender - Series Complete,Unknown,3,percentage,current,0.202408939599991,
263,264,305,1.1,1.1,Region 2,Race - Series Complete,Asian,1,percentage,current,3.30536580085754,
264,265,306,1.1,1.1,Region 2,Race - Series Complete,Black,2,percentage,current,38.321834564209,
265,266,307,1.1,1.1,Region 2,Race - Series Complete,Native Hawaiian,3,percentage,current,0.149727165699005,
266,267,308,1.1,1.1,Region 2,Race - Series Complete,American Indian,4,percentage,current,0.27144980430603,
267,268,309,1.1,1.1,Region 2,Race - Series Complete,White,5,percentage,current,52.0898017883301,
268,269,310,1.1,1.1,Region 2,Race - Series Complete,Other,6,percentage,current,4.8486647605896,
269,270,311,1.1,1.1,Region 2,Race - Series Complete,Unknown,7,percentage,current,1.01315379142761,
270,271,313,1.1,1.1,Region 3,Age - Series Complete,Age 0-4 Years,1,percentage,current,0.0,
271,272,314,1.1,1.1,Region 3,Age - Series Complete,Age 5-17 Years,2,percentage,current,5.7392168045044,
272,273,315,1.1,1.1,Region 3,Age - Series Complete,Age 18-29 Years,3,percentage,current,12.085563659668,
273,274,316,1.1,1.1,Region 3,Age - Series Complete,Age 30-39 Years,4,percentage,current,12.1868400573731,
274,275,317,1.1,1.1,Region 3,Age - Series Complete,Age 40-49 Years,5,percentage,current,13.6169805526733,
275,276,318,1.1,1.1,Region 3,Age - Series Complete,Age 50-59 Years,6,percentage,current,18.0651798248291,
276,277,319,1.1,1.1,Region 3,Age - Series Complete,Age 60-69 Years,7,percentage,current,19.5459575653076,
277,278,320,1.1,1.1,Region 3,Age - Series Complete,Age 70+ Years,8,percentage,current,18.7591953277588,
278,279,321,1.1,1.1,Region 3,Age - Series Complete,Age Unknown,9,percentage,current,0.0010660754051059,
279,280,323,1.1,1.1,Region 3,Gender - Series Complete,Female,1,percentage,current,53.2936401367188,
280,281,324,1.1,1.1,Region 3,Gender - Series Complete,Male,2,percentage,current,46.5368537902832,
281,282,325,1.1,1.1,Region 3,Gender - Series Complete,Unknown,3,percentage,current,0.16950598359108,
282,283,327,1.1,1.1,Region 3,Race - Series Complete,Asian,1,percentage,current,2.19558215141296,
283,284,328,1.1,1.1,Region 3,Race - Series Complete,Black,2,percentage,current,27.2547492980957,
284,285,329,1.1,1.1,Region 3,Race - Series Complete,Native Hawaiian,3,percentage,current,0.130594223737717,
285,286,330,1.1,1.1,Region 3,Race - Series Complete,American Indian,4,percentage,current,0.97012859582901,
286,287,331,1.1,1.1,Region 3,Race - Series Complete,White,5,percentage,current,63.4613342285156,
287,288,332,1.1,1.1,Region 3,Race - Series Complete,Other,6,percentage,current,5.11929368972778,
288,289,333,1.1,1.1,Region 3,Race - Series Complete,Unknown,7,percentage,current,0.868318378925323,
289,290,335,1.1,1.1,Region 4,Age - Series Complete,Age 0-4 Years,1,percentage,current,0.0,
290,291,336,1.1,1.1,Region 4,Age - Series Complete,Age 5-17 Years,2,percentage,current,6.11919355392456,
291,292,337,1.1,1.1,Region 4,Age - Series Complete,Age 18-29 Years,3,percentage,current,12.7873449325562,
292,293,338,1.1,1.1,Region 4,Age - Series Complete,Age 30-39 Years,4,percentage,current,13.0293388366699,
293,294,339,1.1,1.1,Region 4,Age - Series Complete,Age 40-49 Years,5,percentage,current,13.4819364547729,
294,295,340,1.1,1.1,Region 4,Age - Series Complete,Age 50-59 Years,6,percentage,current,16.8760547637939,
295,296,341,1.1,1.1,Region 4,Age - Series Complete,Age 60-69 Years,7,percentage,current,19.0284481048584,
296,297,342,1.1,1.1,Region 4,Age - Series Complete,Age 70+ Years,8,percentage,current,18.6751289367676,
297,298,343,1.1,1.1,Region 4,Age - Series Complete,Age Unknown,9,percentage,current,0.0025549868587404,
298,299,345,1.1,1.1,Region 4,Gender - Series Complete,Female,1,percentage,current,54.1186408996582,
299,300,346,1.1,1.1,Region 4,Gender - Series Complete,Male,2,percentage,current,45.6072463989258,
300,301,347,1.1,1.1,Region 4,Gender - Series Complete,Unknown,3,percentage,current,0.274113595485687,
301,302,349,1.1,1.1,Region 4,Race - Series Complete,Asian,1,percentage,current,2.40862274169922,
302,303,350,1.1,1.1,Region 4,Race - Series Complete,Black,2,percentage,current,28.3348064422607,
303,304,351,1.1,1.1,Region 4,Race - Series Complete,Native Hawaiian,3,percentage,current,0.251118719577789,
304,305,352,1.1,1.1,Region 4,Race - Series Complete,American Indian,4,percentage,current,0.302218466997147,
305,306,353,1.1,1.1,Region 4,Race - Series Complete,White,5,percentage,current,60.5663299560547,
306,307,354,1.1,1.1,Region 4,Race - Series Complete,Other,6,percentage,current,6.81378507614136,
307,308,355,1.1,1.1,Region 4,Race - Series Complete,Unknown,7,percentage,current,1.32311820983887,
308,309,357,1.1,1.1,Region 5,Age - Series Complete,Age 0-4 Years,1,percentage,current,0.0,
309,310,358,1.1,1.1,Region 5,Age - Series Complete,Age 5-17 Years,2,percentage,current,5.04997825622559,
310,311,359,1.1,1.1,Region 5,Age - Series Complete,Age 18-29 Years,3,percentage,current,11.754412651062,
311,312,360,1.1,1.1,Region 5,Age - Series Complete,Age 30-39 Years,4,percentage,current,12.0982065200806,
312,313,361,1.1,1.1,Region 5,Age - Series Complete,Age 40-49 Years,5,percentage,current,13.2002935409546,
313,314,362,1.1,1.1,Region 5,Age - Series Complete,Age 50-59 Years,6,percentage,current,16.8521156311035,
314,315,363,1.1,1.1,Region 5,Age - Series Complete,Age 60-69 Years,7,percentage,current,20.4915637969971,
315,316,364,1.1,1.1,Region 5,Age - Series Complete,Age 70+ Years,8,percentage,current,20.5498943328857,
316,317,365,1.1,1.1,Region 5,Age - Series Complete,Age Unknown,9,percentage,current,0.0035351614933461,
317,318,367,1.1,1.1,Region 5,Gender - Series Complete,Female,1,percentage,current,53.1617584228516,
318,319,368,1.1,1.1,Region 5,Gender - Series Complete,Male,2,percentage,current,46.490909576416,
319,320,369,1.1,1.1,Region 5,Gender - Series Complete,Unknown,3,percentage,current,0.347329616546631,
320,321,371,1.1,1.1,Region 5,Race - Series Complete,Asian,1,percentage,current,2.6531388759613,
321,322,372,1.1,1.1,Region 5,Race - Series Complete,Black,2,percentage,current,22.6824798583984,
322,323,373,1.1,1.1,Region 5,Race - Series Complete,Native Hawaiian,3,percentage,current,0.129917189478874,
323,324,374,1.1,1.1,Region 5,Race - Series Complete,American Indian,4,percentage,current,0.432173520326614,
324,325,375,1.1,1.1,Region 5,Race - Series Complete,White,5,percentage,current,64.7500228881836,
325,326,376,1.1,1.1,Region 5,Race - Series Complete,Other,6,percentage,current,7.56436204910278,
326,327,377,1.1,1.1,Region 5,Race - Series Complete,Unknown,7,percentage,current,1.7879079580307,
327,328,379,1.1,1.1,Region 6,Age - Series Complete,Age 0-4 Years,1,percentage,current,0.0,
328,329,380,1.1,1.1,Region 6,Age - Series Complete,Age 5-17 Years,2,percentage,current,5.53875494003296,
329,330,381,1.1,1.1,Region 6,Age - Series Complete,Age 18-29 Years,3,percentage,current,12.5013780593872,
330,331,382,1.1,1.1,Region 6,Age - Series Complete,Age 30-39 Years,4,percentage,current,12.3871850967407,
331,332,383,1.1,1.1,Region 6,Age - Series Complete,Age 40-49 Years,5,percentage,current,13.1644849777222,
332,333,384,1.1,1.1,Region 6,Age - Series Complete,Age 50-59 Years,6,percentage,current,16.5193977355957,
333,334,385,1.1,1.1,Region 6,Age - Series Complete,Age 60-69 Years,7,percentage,current,19.2167148590088,
334,335,386,1.1,1.1,Region 6,Age - Series Complete,Age 70+ Years,8,percentage,current,20.6665725708008,
335,336,387,1.1,1.1,Region 6,Age - Series Complete,Age Unknown,9,percentage,current,0.0055127660743892,
336,337,389,1.1,1.1,Region 6,Gender - Series Complete,Female,1,percentage,current,52.5673751831055,
337,338,390,1.1,1.1,Region 6,Gender - Series Complete,Male,2,percentage,current,46.8923759460449,
338,339,391,1.1,1.1,Region 6,Gender - Series Complete,Unknown,3,percentage,current,0.540251076221466,
339,340,393,1.1,1.1,Region 6,Race - Series Complete,Asian,1,percentage,current,1.53963673114777,
340,341,394,1.1,1.1,Region 6,Race - Series Complete,Black,2,percentage,current,27.1984119415283,
341,342,395,1.1,1.1,Region 6,Race - Series Complete,Native Hawaiian,3,percentage,current,0.143331915140152,
342,343,396,1.1,1.1,Region 6,Race - Series Complete,American Indian,4,percentage,current,0.413457453250885,
343,344,397,1.1,1.1,Region 6,Race - Series Complete,White,5,percentage,current,60.7136688232422,
344,345,398,1.1,1.1,Region 6,Race - Series Complete,Other,6,percentage,current,7.51074981689453,
345,346,399,1.1,1.1,Region 6,Race - Series Complete,Unknown,7,percentage,current,2.48074460029602,
346,347,401,1.1,1.1,Region 7,Age - Series Complete,Age 0-4 Years,1,percentage,current,0.0,
347,348,402,1.1,1.1,Region 7,Age - Series Complete,Age 5-17 Years,2,percentage,current,6.02577543258667,
348,349,403,1.1,1.1,Region 7,Age - Series Complete,Age 18-29 Years,3,percentage,current,11.1114025115967,
349,350,404,1.1,1.1,Region 7,Age - Series Complete,Age 30-39 Years,4,percentage,current,11.6981210708618,
350,351,405,1.1,1.1,Region 7,Age - Series Complete,Age 40-49 Years,5,percentage,current,13.3547401428223,
351,352,406,1.1,1.1,Region 7,Age - Series Complete,Age 50-59 Years,6,percentage,current,16.564001083374,
352,353,407,1.1,1.1,Region 7,Age - Series Complete,Age 60-69 Years,7,percentage,current,19.8064651489258,
353,354,408,1.1,1.1,Region 7,Age - Series Complete,Age 70+ Years,8,percentage,current,21.4346885681152,
354,355,409,1.1,1.1,Region 7,Age - Series Complete,Age Unknown,9,percentage,current,0.0048055918887258,
355,356,411,1.1,1.1,Region 7,Gender - Series Complete,Female,1,percentage,current,56.7597198486328,
356,357,412,1.1,1.1,Region 7,Gender - Series Complete,Male,2,percentage,current,42.9777183532715,
357,358,413,1.1,1.1,Region 7,Gender - Series Complete,Unknown,3,percentage,current,0.262560069561005,
358,359,415,1.1,1.1,Region 7,Race - Series Complete,Asian,1,percentage,current,1.79903888702393,
359,360,416,1.1,1.1,Region 7,Race - Series Complete,Black,2,percentage,current,36.8396682739258,
360,361,417,1.1,1.1,Region 7,Race - Series Complete,Native Hawaiian,3,percentage,current,0.129314109683037,
361,362,418,1.1,1.1,Region 7,Race - Series Complete,American Indian,4,percentage,current,0.526430726051331,
362,363,419,1.1,1.1,Region 7,Race - Series Complete,White,5,percentage,current,56.0428123474121,
363,364,420,1.1,1.1,Region 7,Race - Series Complete,Other,6,percentage,current,3.84141540527344,
364,365,421,1.1,1.1,Region 7,Race - Series Complete,Unknown,7,percentage,current,0.821319341659546,
365,366,423,1.1,1.1,Region 8,Age - Series Complete,Age 0-4 Years,1,percentage,current,0.0,
366,367,424,1.1,1.1,Region 8,Age - Series Complete,Age 5-17 Years,2,percentage,current,5.0708909034729,
367,368,425,1.1,1.1,Region 8,Age - Series Complete,Age 18-29 Years,3,percentage,current,12.3921527862549,
368,369,426,1.1,1.1,Region 8,Age - Series Complete,Age 30-39 Years,4,percentage,current,11.2271251678467,
369,370,427,1.1,1.1,Region 8,Age - Series Complete,Age 40-49 Years,5,percentage,current,13.4156732559204,
370,371,428,1.1,1.1,Region 8,Age - Series Complete,Age 50-59 Years,6,percentage,current,16.4285316467285,
371,372,429,1.1,1.1,Region 8,Age - Series Complete,Age 60-69 Years,7,percentage,current,19.8617897033691,
372,373,430,1.1,1.1,Region 8,Age - Series Complete,Age 70+ Years,8,percentage,current,21.5983409881592,
373,374,431,1.1,1.1,Region 8,Age - Series Complete,Age Unknown,9,percentage,current,0.0054954113438725,
374,375,433,1.1,1.1,Region 8,Gender - Series Complete,Female,1,percentage,current,55.7743034362793,
375,376,434,1.1,1.1,Region 8,Gender - Series Complete,Male,2,percentage,current,43.9481773376465,
376,377,435,1.1,1.1,Region 8,Gender - Series Complete,Unknown,3,percentage,current,0.277518272399902,
377,378,437,1.1,1.1,Region 8,Race - Series Complete,Asian,1,percentage,current,1.36217510700226,
378,379,438,1.1,1.1,Region 8,Race - Series Complete,Black,2,percentage,current,34.9934043884277,
379,380,439,1.1,1.1,Region 8,Race - Series Complete,Native Hawaiian,3,percentage,current,0.0810573175549507,
380,381,440,1.1,1.1,Region 8,Race - Series Complete,American Indian,4,percentage,current,0.198521733283997,
381,382,441,1.1,1.1,Region 8,Race - Series Complete,White,5,percentage,current,56.7785911560059,
382,383,442,1.1,1.1,Region 8,Race - Series Complete,Other,6,percentage,current,5.77292966842651,
383,384,443,1.1,1.1,Region 8,Race - Series Complete,Unknown,7,percentage,current,0.813320875167847,
384,385,445,1.1,1.1,Region 9,Age - Series Complete,Age 0-4 Years,1,percentage,current,0.0,
385,386,446,1.1,1.1,Region 9,Age - Series Complete,Age 5-17 Years,2,percentage,current,5.82068872451782,
386,387,447,1.1,1.1,Region 9,Age - Series Complete,Age 18-29 Years,3,percentage,current,12.1784315109253,
387,388,448,1.1,1.1,Region 9,Age - Series Complete,Age 30-39 Years,4,percentage,current,12.1784315109253,
388,389,449,1.1,1.1,Region 9,Age - Series Complete,Age 40-49 Years,5,percentage,current,14.0503015518188,
389,390,450,1.1,1.1,Region 9,Age - Series Complete,Age 50-59 Years,6,percentage,current,16.827564239502,
390,391,451,1.1,1.1,Region 9,Age - Series Complete,Age 60-69 Years,7,percentage,current,19.139404296875,
391,392,452,1.1,1.1,Region 9,Age - Series Complete,Age 70+ Years,8,percentage,current,19.8029956817627,
392,393,453,1.1,1.1,Region 9,Age - Series Complete,Age Unknown,9,percentage,current,0.0021816673688591,
393,394,455,1.1,1.1,Region 9,Gender - Series Complete,Female,1,percentage,current,54.0366287231445,
394,395,456,1.1,1.1,Region 9,Gender - Series Complete,Male,2,percentage,current,45.7891998291016,
395,396,457,1.1,1.1,Region 9,Gender - Series Complete,Unknown,3,percentage,current,0.174169778823853,
396,397,459,1.1,1.1,Region 9,Race - Series Complete,Asian,1,percentage,current,1.35772442817688,
397,398,460,1.1,1.1,Region 9,Race - Series Complete,Black,2,percentage,current,17.3787994384766,
398,399,461,1.1,1.1,Region 9,Race - Series Complete,Native Hawaiian,3,percentage,current,0.109810598194599,
399,400,462,1.1,1.1,Region 9,Race - Series Complete,American Indian,4,percentage,current,0.259254813194275,
400,401,463,1.1,1.1,Region 9,Race - Series Complete,White,5,percentage,current,75.2133483886719,
401,402,464,1.1,1.1,Region 9,Race - Series Complete,Other,6,percentage,current,4.72767353057861,
402,403,465,1.1,1.1,Region 9,Race - Series Complete,Unknown,7,percentage,current,0.953388690948486,
403,404,467,1.1,1.1,State,Ethnicity - Series Initiated,Hispanic,1,percentage,current,5.85256576538086,
404,405,468,1.1,1.1,State,Ethnicity - Series Initiated,Non-Hispanic,2,percentage,current,75.8294982910156,
405,406,469,1.1,1.1,State,Ethnicity - Series Initiated,Unknown,3,percentage,current,18.3179378509521,
406,407,471,1.1,1.1,State,Ethnicity - Series Complete,Hispanic,1,percentage,current,5.54009437561035,
407,408,472,1.1,1.1,State,Ethnicity - Series Complete,Non-Hispanic,2,percentage,current,76.7729797363281,
408,409,473,1.1,1.1,State,Ethnicity - Series Complete,Unknown,3,percentage,current,17.6869277954102,
409,410,475,1.1,1.1,Region 1,Ethnicity - Series Initiated,Hispanic,1,percentage,current,9.67103099822998,
410,411,476,1.1,1.1,Region 1,Ethnicity - Series Initiated,Non-Hispanic,2,percentage,current,67.1370315551758,
411,412,477,1.1,1.1,Region 1,Ethnicity - Series Initiated,Unknown,3,percentage,current,23.1919403076172,
412,413,479,1.1,1.1,Region 1,Ethnicity - Series Complete,Hispanic,1,percentage,current,8.99498271942139,
413,414,480,1.1,1.1,Region 1,Ethnicity - Series Complete,Non-Hispanic,2,percentage,current,68.1296081542969,
414,415,481,1.1,1.1,Region 1,Ethnicity - Series Complete,Unknown,3,percentage,current,22.8754119873047,
415,416,483,1.1,1.1,Region 2,Ethnicity - Series Initiated,Hispanic,1,percentage,current,4.67988920211792,
416,417,484,1.1,1.1,Region 2,Ethnicity - Series Initiated,Non-Hispanic,2,percentage,current,79.1860427856445,
417,418,485,1.1,1.1,Region 2,Ethnicity - Series Initiated,Unknown,3,percentage,current,16.1340675354004,
418,419,487,1.1,1.1,Region 2,Ethnicity - Series Complete,Hispanic,1,percentage,current,4.37009239196777,
419,420,488,1.1,1.1,Region 2,Ethnicity - Series Complete,Non-Hispanic,2,percentage,current,80.3402709960938,
420,421,489,1.1,1.1,Region 2,Ethnicity - Series Complete,Unknown,3,percentage,current,15.2896385192871,
421,422,491,1.1,1.1,Region 3,Ethnicity - Series Initiated,Hispanic,1,percentage,current,5.67158603668213,
422,423,492,1.1,1.1,Region 3,Ethnicity - Series Initiated,Non-Hispanic,2,percentage,current,77.9940948486328,
423,424,493,1.1,1.1,Region 3,Ethnicity - Series Initiated,Unknown,3,percentage,current,16.334321975708,
424,425,495,1.1,1.1,Region 3,Ethnicity - Series Complete,Hispanic,1,percentage,current,5.29146480560303,
425,426,496,1.1,1.1,Region 3,Ethnicity - Series Complete,Non-Hispanic,2,percentage,current,79.3917007446289,
426,427,497,1.1,1.1,Region 3,Ethnicity - Series Complete,Unknown,3,percentage,current,15.316837310791,
427,428,499,1.1,1.1,Region 4,Ethnicity - Series Initiated,Hispanic,1,percentage,current,4.76046276092529,
428,429,500,1.1,1.1,Region 4,Ethnicity - Series Initiated,Non-Hispanic,2,percentage,current,79.3757171630859,
429,430,501,1.1,1.1,Region 4,Ethnicity - Series Initiated,Unknown,3,percentage,current,15.8638191223145,
430,431,503,1.1,1.1,Region 4,Ethnicity - Series Complete,Hispanic,1,percentage,current,4.64606142044067,
431,432,504,1.1,1.1,Region 4,Ethnicity - Series Complete,Non-Hispanic,2,percentage,current,80.0889892578125,
432,433,505,1.1,1.1,Region 4,Ethnicity - Series Complete,Unknown,3,percentage,current,15.2649517059326,
433,434,507,1.1,1.1,Region 5,Ethnicity - Series Initiated,Hispanic,1,percentage,current,4.57721424102783,
434,435,508,1.1,1.1,Region 5,Ethnicity - Series Initiated,Non-Hispanic,2,percentage,current,73.3973846435547,
435,436,509,1.1,1.1,Region 5,Ethnicity - Series Initiated,Unknown,3,percentage,current,22.0253982543945,
436,437,511,1.1,1.1,Region 5,Ethnicity - Series Complete,Hispanic,1,percentage,current,4.37918138504028,
437,438,512,1.1,1.1,Region 5,Ethnicity - Series Complete,Non-Hispanic,2,percentage,current,73.8910675048828,
438,439,513,1.1,1.1,Region 5,Ethnicity - Series Complete,Unknown,3,percentage,current,21.7297554016113,
439,440,515,1.1,1.1,Region 6,Ethnicity - Series Initiated,Hispanic,1,percentage,current,5.53411340713501,
440,441,516,1.1,1.1,Region 6,Ethnicity - Series Initiated,Non-Hispanic,2,percentage,current,76.3871765136719,
441,442,517,1.1,1.1,Region 6,Ethnicity - Series Initiated,Unknown,3,percentage,current,18.078706741333,
442,443,519,1.1,1.1,Region 6,Ethnicity - Series Complete,Hispanic,1,percentage,current,5.52772903442383,
443,444,520,1.1,1.1,Region 6,Ethnicity - Series Complete,Non-Hispanic,2,percentage,current,76.7731399536133,
444,445,521,1.1,1.1,Region 6,Ethnicity - Series Complete,Unknown,3,percentage,current,17.6991291046143,
445,446,523,1.1,1.1,Region 7,Ethnicity - Series Initiated,Hispanic,1,percentage,current,3.53489565849304,
446,447,524,1.1,1.1,Region 7,Ethnicity - Series Initiated,Non-Hispanic,2,percentage,current,81.9395980834961,
447,448,525,1.1,1.1,Region 7,Ethnicity - Series Initiated,Unknown,3,percentage,current,14.5255031585693,
448,449,527,1.1,1.1,Region 7,Ethnicity - Series Complete,Hispanic,1,percentage,current,3.4692006111145,
449,450,528,1.1,1.1,Region 7,Ethnicity - Series Complete,Non-Hispanic,2,percentage,current,82.8064651489258,
450,451,529,1.1,1.1,Region 7,Ethnicity - Series Complete,Unknown,3,percentage,current,13.7243337631226,
451,452,531,1.1,1.1,Region 8,Ethnicity - Series Initiated,Hispanic,1,percentage,current,3.89670896530151,
452,453,532,1.1,1.1,Region 8,Ethnicity - Series Initiated,Non-Hispanic,2,percentage,current,80.7058944702148,
453,454,533,1.1,1.1,Region 8,Ethnicity - Series Initiated,Unknown,3,percentage,current,15.3973960876465,
454,455,535,1.1,1.1,Region 8,Ethnicity - Series Complete,Hispanic,1,percentage,current,3.93814921379089,
455,456,536,1.1,1.1,Region 8,Ethnicity - Series Complete,Non-Hispanic,2,percentage,current,81.1740951538086,
456,457,537,1.1,1.1,Region 8,Ethnicity - Series Complete,Unknown,3,percentage,current,14.8877563476563,
457,458,539,1.1,1.1,Region 9,Ethnicity - Series Initiated,Hispanic,1,percentage,current,4.35509157180786,
458,459,540,1.1,1.1,Region 9,Ethnicity - Series Initiated,Non-Hispanic,2,percentage,current,77.4781341552734,
459,460,541,1.1,1.1,Region 9,Ethnicity - Series Initiated,Unknown,3,percentage,current,18.1667766571045,
460,461,543,1.1,1.1,Region 9,Ethnicity - Series Complete,Hispanic,1,percentage,current,4.14953136444092,
461,462,544,1.1,1.1,Region 9,Ethnicity - Series Complete,Non-Hispanic,2,percentage,current,78.4382171630859,
462,463,545,1.1,1.1,Region 9,Ethnicity - Series Complete,Unknown,3,percentage,current,17.4122524261475,
