FIPS,Parish,LDHH,Race,7/8/2020,7/9/2020,7/10/2020,7/11/2020,7/12/2020,7/13/2020,7/14/2020,7/15/2020,7/16/2020,7/17/2020,7/18/2020,7/19/2020,7/20/2020
0,Parish Under Investigation,,Cases_Other,9.0,9.0,9.0,9.0,9.0,9.0,9.0,8.0,8.0,8.0,8.0,8.0,8.0
0,Parish Under Investigation,,Cases_White,2.0,2.0,2.0,2.0,2.0,2.0,2.0,3.0,3.0,3.0,3.0,3.0,3.0
0,Parish Under Investigation,,Cases_Black,4.0,4.0,4.0,4.0,4.0,4.0,4.0,4.0,4.0,4.0,4.0,4.0,4.0
0,Parish Under Investigation,,Deaths_Unknown,,,,,,,,,,,,,
0,Parish Under Investigation,,Deaths_Other,,,,,,,,,,,,,
0,Parish Under Investigation,,Cases_Unknown,45.0,45.0,45.0,45.0,45.0,45.0,45.0,41.0,41.0,41.0,41.0,41.0,41.0
0,Parish Under Investigation,,Deaths_White,,,,,,,,,,,,,
0,Parish Under Investigation,,Deaths_Black,,,,,,,,,,,,,
22001,Acadia,4.0,Deaths_Black,8.0,8.0,8.0,8.0,8.0,8.0,8.0,9.0,9.0,9.0,9.0,9.0,9.0
22001,Acadia,4.0,Cases_Other,146.0,146.0,146.0,146.0,146.0,146.0,146.0,205.0,205.0,205.0,205.0,205.0,205.0
22001,Acadia,4.0,Cases_White,273.0,273.0,273.0,273.0,273.0,273.0,273.0,430.0,430.0,430.0,430.0,430.0,430.0
22001,Acadia,4.0,Cases_Black,295.0,295.0,295.0,295.0,295.0,295.0,295.0,404.0,404.0,404.0,404.0,404.0,404.0
22001,Acadia,4.0,Deaths_Unknown,0.0,0.0,0.0,0.0,0.0,0.0,0.0,0.0,0.0,0.0,0.0,0.0,0.0
22001,Acadia,4.0,Deaths_Other,0.0,0.0,0.0,0.0,0.0,0.0,0.0,0.0,0.0,0.0,0.0,0.0,0.0
22001,Acadia,4.0,Deaths_White,34.0,34.0,34.0,34.0,34.0,34.0,34.0,37.0,37.0,37.0,37.0,37.0,37.0
22001,Acadia,4.0,Cases_Unknown,332.0,332.0,332.0,332.0,332.0,332.0,332.0,365.0,365.0,365.0,365.0,365.0,365.0
22003,Allen,5.0,Cases_White,75.0,75.0,75.0,75.0,75.0,75.0,75.0,130.0,130.0,130.0,130.0,130.0,130.0
22003,Allen,5.0,Cases_Other,19.0,19.0,19.0,19.0,19.0,19.0,19.0,55.0,55.0,55.0,55.0,55.0,55.0
22003,Allen,5.0,Cases_Black,32.0,32.0,32.0,32.0,32.0,32.0,32.0,63.0,63.0,63.0,63.0,63.0,63.0
22003,Allen,5.0,Deaths_White,,,,,,,,,,,,,
22003,Allen,5.0,Deaths_Black,,,,,,,,,,,,,
22003,Allen,5.0,Deaths_Unknown,,,,,,,,,,,,,
22003,Allen,5.0,Deaths_Other,,,,,,,,,,,,,
22003,Allen,5.0,Cases_Unknown,231.0,231.0,231.0,231.0,231.0,231.0,231.0,235.0,235.0,235.0,235.0,235.0,235.0
22005,Ascension,2.0,Cases_Other,111.0,111.0,111.0,111.0,111.0,111.0,111.0,154.0,154.0,154.0,154.0,154.0,154.0
22005,Ascension,2.0,Deaths_Black,35.0,35.0,35.0,35.0,35.0,35.0,35.0,36.0,36.0,36.0,36.0,36.0,36.0
22005,Ascension,2.0,Cases_Unknown,219.0,219.0,219.0,219.0,219.0,219.0,219.0,225.0,225.0,225.0,225.0,225.0,225.0
22005,Ascension,2.0,Cases_Black,586.0,586.0,586.0,586.0,586.0,586.0,586.0,663.0,663.0,663.0,663.0,663.0,663.0
22005,Ascension,2.0,Deaths_Unknown,0.0,0.0,0.0,0.0,0.0,0.0,0.0,1.0,1.0,1.0,1.0,1.0,1.0
22005,Ascension,2.0,Cases_White,443.0,443.0,443.0,443.0,443.0,443.0,443.0,577.0,577.0,577.0,577.0,577.0,577.0
22005,Ascension,2.0,Deaths_White,23.0,23.0,23.0,23.0,23.0,23.0,23.0,27.0,27.0,27.0,27.0,27.0,27.0
22005,Ascension,2.0,Deaths_Other,0.0,0.0,0.0,0.0,0.0,0.0,0.0,0.0,0.0,0.0,0.0,0.0,0.0
22007,Assumption,3.0,Deaths_Unknown,,,,,,,,,,,,,
22007,Assumption,3.0,Cases_Other,14.0,14.0,14.0,14.0,14.0,14.0,14.0,15.0,15.0,15.0,15.0,15.0,15.0
22007,Assumption,3.0,Cases_White,80.0,80.0,80.0,80.0,80.0,80.0,80.0,98.0,98.0,98.0,98.0,98.0,98.0
22007,Assumption,3.0,Deaths_Black,,,,,,,,,,,,,
22007,Assumption,3.0,Deaths_White,,,,,,,,,,,,,
22007,Assumption,3.0,Cases_Black,266.0,266.0,266.0,266.0,266.0,266.0,266.0,285.0,285.0,285.0,285.0,285.0,285.0
22007,Assumption,3.0,Cases_Unknown,27.0,27.0,27.0,27.0,27.0,27.0,27.0,32.0,32.0,32.0,32.0,32.0,32.0
22007,Assumption,3.0,Deaths_Other,,,,,,,,,,,,,
22009,Avoyelles,6.0,Deaths_Unknown,,,,,,,,,,,,,
22009,Avoyelles,6.0,Cases_White,121.0,121.0,121.0,121.0,121.0,121.0,121.0,165.0,165.0,165.0,165.0,165.0,165.0
22009,Avoyelles,6.0,Deaths_White,,,,,,,,,,,,,
22009,Avoyelles,6.0,Deaths_Other,,,,,,,,,,,,,
22009,Avoyelles,6.0,Cases_Black,134.0,134.0,134.0,134.0,134.0,134.0,134.0,168.0,168.0,168.0,168.0,168.0,168.0
22009,Avoyelles,6.0,Deaths_Black,,,,,,,,,,,,,
22009,Avoyelles,6.0,Cases_Unknown,94.0,94.0,94.0,94.0,94.0,94.0,94.0,89.0,89.0,89.0,89.0,89.0,89.0
22009,Avoyelles,6.0,Cases_Other,39.0,39.0,39.0,39.0,39.0,39.0,39.0,64.0,64.0,64.0,64.0,64.0,64.0
22011,Beauregard,5.0,Cases_Unknown,132.0,132.0,132.0,132.0,132.0,132.0,132.0,166.0,166.0,166.0,166.0,166.0,166.0
22011,Beauregard,5.0,Deaths_White,,,,,,,,,,,,,
22011,Beauregard,5.0,Deaths_Black,,,,,,,,,,,,,
22011,Beauregard,5.0,Deaths_Other,,,,,,,,,,,,,
22011,Beauregard,5.0,Cases_White,79.0,79.0,79.0,79.0,79.0,79.0,79.0,125.0,125.0,125.0,125.0,125.0,125.0
22011,Beauregard,5.0,Deaths_Unknown,,,,,,,,,,,,,
22011,Beauregard,5.0,Cases_Other,21.0,21.0,21.0,21.0,21.0,21.0,21.0,29.0,29.0,29.0,29.0,29.0,29.0
22011,Beauregard,5.0,Cases_Black,30.0,30.0,30.0,30.0,30.0,30.0,30.0,44.0,44.0,44.0,44.0,44.0,44.0
22013,Bienville,7.0,Cases_Other,37.0,37.0,37.0,37.0,37.0,37.0,37.0,47.0,47.0,47.0,47.0,47.0,47.0
22013,Bienville,7.0,Deaths_White,114.0,114.0,114.0,114.0,114.0,114.0,114.0,14.0,14.0,14.0,14.0,14.0,14.0
22013,Bienville,7.0,Deaths_Unknown,0.0,0.0,0.0,0.0,0.0,0.0,0.0,0.0,0.0,0.0,0.0,0.0,0.0
22013,Bienville,7.0,Cases_White,55.0,55.0,55.0,55.0,55.0,55.0,55.0,61.0,61.0,61.0,61.0,61.0,61.0
22013,Bienville,7.0,Cases_Unknown,32.0,32.0,32.0,32.0,32.0,32.0,32.0,36.0,36.0,36.0,36.0,36.0,36.0
22013,Bienville,7.0,Deaths_Black,14.0,14.0,14.0,14.0,14.0,14.0,14.0,14.0,14.0,14.0,14.0,14.0,14.0
22013,Bienville,7.0,Deaths_Other,0.0,0.0,0.0,0.0,0.0,0.0,0.0,0.0,0.0,0.0,0.0,0.0,0.0
22013,Bienville,7.0,Cases_Black,112.0,112.0,112.0,112.0,112.0,112.0,112.0,124.0,124.0,124.0,124.0,124.0,124.0
22015,Bossier,7.0,Cases_Unknown,134.0,134.0,134.0,134.0,134.0,134.0,134.0,141.0,141.0,141.0,141.0,141.0,141.0
22015,Bossier,7.0,Cases_Black,414.0,414.0,414.0,414.0,414.0,414.0,414.0,519.0,519.0,519.0,519.0,519.0,519.0
22015,Bossier,7.0,Deaths_Other,0.0,0.0,0.0,0.0,0.0,0.0,0.0,0.0,0.0,0.0,0.0,0.0,0.0
22015,Bossier,7.0,Deaths_Unknown,0.0,0.0,0.0,0.0,0.0,0.0,0.0,0.0,0.0,0.0,0.0,0.0,0.0
22015,Bossier,7.0,Deaths_Black,15.0,15.0,15.0,15.0,15.0,15.0,15.0,17.0,17.0,17.0,17.0,17.0,17.0
22015,Bossier,7.0,Cases_Other,84.0,84.0,84.0,84.0,84.0,84.0,84.0,116.0,116.0,116.0,116.0,116.0,116.0
22015,Bossier,7.0,Deaths_White,20.0,20.0,20.0,20.0,20.0,20.0,20.0,22.0,22.0,22.0,22.0,22.0,22.0
22015,Bossier,7.0,Cases_White,398.0,398.0,398.0,398.0,398.0,398.0,398.0,548.0,548.0,548.0,548.0,548.0,548.0
22017,Caddo,7.0,Cases_White,722.0,722.0,722.0,722.0,722.0,722.0,722.0,910.0,910.0,910.0,910.0,910.0,910.0
22017,Caddo,7.0,Cases_Black,2295.0,2295.0,2295.0,2295.0,2295.0,2295.0,2295.0,2657.0,2657.0,2657.0,2657.0,2657.0,2657.0
22017,Caddo,7.0,Deaths_Other,1.0,1.0,1.0,1.0,1.0,1.0,1.0,1.0,1.0,1.0,1.0,1.0,1.0
22017,Caddo,7.0,Deaths_White,77.0,77.0,77.0,77.0,77.0,77.0,77.0,78.0,78.0,78.0,78.0,78.0,78.0
22017,Caddo,7.0,Cases_Unknown,493.0,493.0,493.0,493.0,493.0,493.0,493.0,509.0,509.0,509.0,509.0,509.0,509.0
22017,Caddo,7.0,Deaths_Unknown,0.0,0.0,0.0,0.0,0.0,0.0,0.0,0.0,0.0,0.0,0.0,0.0,0.0
22017,Caddo,7.0,Cases_Other,226.0,226.0,226.0,226.0,226.0,226.0,226.0,337.0,337.0,337.0,337.0,337.0,337.0
22017,Caddo,7.0,Deaths_Black,165.0,165.0,165.0,165.0,165.0,165.0,165.0,170.0,170.0,170.0,170.0,170.0,170.0
22019,Calcasieu,5.0,Deaths_Black,25.0,25.0,25.0,25.0,25.0,25.0,25.0,28.0,28.0,28.0,28.0,28.0,28.0
22019,Calcasieu,5.0,Deaths_Other,1.0,1.0,1.0,1.0,1.0,1.0,1.0,1.0,1.0,1.0,1.0,1.0,1.0
22019,Calcasieu,5.0,Cases_Unknown,799.0,799.0,799.0,799.0,799.0,799.0,799.0,696.0,696.0,696.0,696.0,696.0,696.0
22019,Calcasieu,5.0,Cases_Other,142.0,142.0,142.0,142.0,142.0,142.0,142.0,265.0,265.0,265.0,265.0,265.0,265.0
22019,Calcasieu,5.0,Cases_White,753.0,753.0,753.0,753.0,753.0,753.0,753.0,1300.0,1300.0,1300.0,1300.0,1300.0,1300.0
22019,Calcasieu,5.0,Deaths_White,33.0,33.0,33.0,33.0,33.0,33.0,33.0,45.0,45.0,45.0,45.0,45.0,45.0
22019,Calcasieu,5.0,Deaths_Unknown,0.0,0.0,0.0,0.0,0.0,0.0,0.0,0.0,0.0,0.0,0.0,0.0,0.0
22019,Calcasieu,5.0,Cases_Black,556.0,556.0,556.0,556.0,556.0,556.0,556.0,955.0,955.0,955.0,955.0,955.0,955.0
22021,Caldwell,8.0,Cases_Other,12.0,12.0,12.0,12.0,12.0,12.0,12.0,16.0,16.0,16.0,16.0,16.0,16.0
22021,Caldwell,8.0,Deaths_White,,,,,,,,,,,,,
22021,Caldwell,8.0,Deaths_Other,,,,,,,,,,,,,
22021,Caldwell,8.0,Deaths_Unknown,,,,,,,,,,,,,
22021,Caldwell,8.0,Cases_White,45.0,45.0,45.0,45.0,45.0,45.0,45.0,43.0,43.0,43.0,43.0,43.0,43.0
22021,Caldwell,8.0,Deaths_Black,,,,,,,,,,,,,
22021,Caldwell,8.0,Cases_Black,23.0,23.0,23.0,23.0,23.0,23.0,23.0,24.0,24.0,24.0,24.0,24.0,24.0
22021,Caldwell,8.0,Cases_Unknown,33.0,33.0,33.0,33.0,33.0,33.0,33.0,41.0,41.0,41.0,41.0,41.0,41.0
22023,Cameron,5.0,Cases_Unknown,37.0,37.0,37.0,37.0,37.0,37.0,37.0,35.0,35.0,35.0,35.0,35.0,35.0
22023,Cameron,5.0,Deaths_Unknown,,,,,,,,,,,,,
22023,Cameron,5.0,Deaths_Black,,,,,,,,,,,,,
22023,Cameron,5.0,Cases_White,34.0,34.0,34.0,34.0,34.0,34.0,34.0,61.0,61.0,61.0,61.0,61.0,61.0
22023,Cameron,5.0,Cases_Other,7.0,7.0,7.0,7.0,7.0,7.0,7.0,7.0,7.0,7.0,7.0,7.0,7.0
22023,Cameron,5.0,Cases_Black,4.0,4.0,4.0,4.0,4.0,4.0,4.0,10.0,10.0,10.0,10.0,10.0,10.0
22023,Cameron,5.0,Deaths_White,,,,,,,,,,,,,
22023,Cameron,5.0,Deaths_Other,,,,,,,,,,,,,
22025,Catahoula,6.0,Cases_Black,20.0,20.0,20.0,20.0,20.0,20.0,20.0,25.0,25.0,25.0,25.0,25.0,25.0
22025,Catahoula,6.0,Cases_Unknown,125.0,125.0,125.0,125.0,125.0,125.0,125.0,121.0,121.0,121.0,121.0,121.0,121.0
22025,Catahoula,6.0,Deaths_Unknown,,,,,,,,,,,,,
22025,Catahoula,6.0,Deaths_White,,,,,,,,,,,,,
22025,Catahoula,6.0,Deaths_Black,,,,,,,,,,,,,
22025,Catahoula,6.0,Cases_White,31.0,31.0,31.0,31.0,31.0,31.0,31.0,43.0,43.0,43.0,43.0,43.0,43.0
22025,Catahoula,6.0,Deaths_Other,,,,,,,,,,,,,
22025,Catahoula,6.0,Cases_Other,23.0,23.0,23.0,23.0,23.0,23.0,23.0,27.0,27.0,27.0,27.0,27.0,27.0
22027,Claiborne,7.0,Cases_Unknown,9.0,9.0,9.0,9.0,9.0,9.0,9.0,12.0,12.0,12.0,12.0,12.0,12.0
22027,Claiborne,7.0,Cases_Black,75.0,75.0,75.0,75.0,75.0,75.0,75.0,84.0,84.0,84.0,84.0,84.0,84.0
22027,Claiborne,7.0,Deaths_Unknown,,,,,,,,,,,,,
22027,Claiborne,7.0,Cases_White,29.0,29.0,29.0,29.0,29.0,29.0,29.0,34.0,34.0,34.0,34.0,34.0,34.0
22027,Claiborne,7.0,Deaths_White,,,,,,,,,,,,,
22027,Claiborne,7.0,Deaths_Other,,,,,,,,,,,,,
22027,Claiborne,7.0,Cases_Other,16.0,16.0,16.0,16.0,16.0,16.0,16.0,23.0,23.0,23.0,23.0,23.0,23.0
22027,Claiborne,7.0,Deaths_Black,,,,,,,,,,,,,
22029,Concordia,6.0,Cases_Unknown,45.0,45.0,45.0,45.0,45.0,45.0,45.0,55.0,55.0,55.0,55.0,55.0,55.0
22029,Concordia,6.0,Deaths_Black,,,,,,,,,,,,,
22029,Concordia,6.0,Cases_Black,47.0,47.0,47.0,47.0,47.0,47.0,47.0,59.0,59.0,59.0,59.0,59.0,59.0
22029,Concordia,6.0,Cases_Other,8.0,8.0,8.0,8.0,8.0,8.0,8.0,15.0,15.0,15.0,15.0,15.0,15.0
22029,Concordia,6.0,Deaths_Other,,,,,,,,,,,,,
22029,Concordia,6.0,Cases_White,18.0,18.0,18.0,18.0,18.0,18.0,18.0,22.0,22.0,22.0,22.0,22.0,22.0
22029,Concordia,6.0,Deaths_White,,,,,,,,,,,,,
22029,Concordia,6.0,Deaths_Unknown,,,,,,,,,,,,,
22031,De Soto,7.0,Cases_Black,235.0,235.0,235.0,235.0,235.0,235.0,235.0,263.0,263.0,263.0,263.0,263.0,263.0
22031,De Soto,7.0,Deaths_Unknown,,,,,,,,,,,,,
22031,De Soto,7.0,Deaths_Other,,,,,,,,,,,,,
22031,De Soto,7.0,Deaths_Black,,,,,,,,,,,,,
22031,De Soto,7.0,Cases_Unknown,43.0,43.0,43.0,43.0,43.0,43.0,43.0,48.0,48.0,48.0,48.0,48.0,48.0
22031,De Soto,7.0,Cases_White,68.0,68.0,68.0,68.0,68.0,68.0,68.0,85.0,85.0,85.0,85.0,85.0,85.0
22031,De Soto,7.0,Cases_Other,23.0,23.0,23.0,23.0,23.0,23.0,23.0,39.0,39.0,39.0,39.0,39.0,39.0
22031,De Soto,7.0,Deaths_White,,,,,,,,,,,,,
22033,East Baton Rouge,2.0,Deaths_Unknown,0.0,0.0,0.0,0.0,0.0,0.0,0.0,0.0,0.0,0.0,0.0,0.0,0.0
22033,East Baton Rouge,2.0,Cases_Other,699.0,699.0,699.0,699.0,699.0,699.0,699.0,865.0,865.0,865.0,865.0,865.0,865.0
22033,East Baton Rouge,2.0,Deaths_White,112.0,112.0,112.0,112.0,112.0,112.0,112.0,114.0,114.0,114.0,114.0,114.0,114.0
22033,East Baton Rouge,2.0,Cases_Unknown,1402.0,1402.0,1402.0,1402.0,1402.0,1402.0,1402.0,1447.0,1447.0,1447.0,1447.0,1447.0,1447.0
22033,East Baton Rouge,2.0,Cases_Black,2495.0,2495.0,2495.0,2495.0,2495.0,2495.0,2495.0,3110.0,3110.0,3110.0,3110.0,3110.0,3110.0
22033,East Baton Rouge,2.0,Deaths_Other,7.0,7.0,7.0,7.0,7.0,7.0,7.0,7.0,7.0,7.0,7.0,7.0,7.0
22033,East Baton Rouge,2.0,Deaths_Black,155.0,155.0,155.0,155.0,155.0,155.0,155.0,158.0,158.0,158.0,158.0,158.0,158.0
22033,East Baton Rouge,2.0,Cases_White,1383.0,1383.0,1383.0,1383.0,1383.0,1383.0,1383.0,1859.0,1859.0,1859.0,1859.0,1859.0,1859.0
22035,East Carroll,8.0,Deaths_White,,,,,,,,,,,,,
22035,East Carroll,8.0,Deaths_Black,,,,,,,,,,,,,
22035,East Carroll,8.0,Cases_Black,218.0,218.0,218.0,218.0,218.0,218.0,218.0,248.0,248.0,248.0,248.0,248.0,248.0
22035,East Carroll,8.0,Cases_Unknown,112.0,112.0,112.0,112.0,112.0,112.0,112.0,77.0,77.0,77.0,77.0,77.0,77.0
22035,East Carroll,8.0,Deaths_Other,,,,,,,,,,,,,
22035,East Carroll,8.0,Cases_White,48.0,48.0,48.0,48.0,48.0,48.0,48.0,59.0,59.0,59.0,59.0,59.0,59.0
22035,East Carroll,8.0,Deaths_Unknown,,,,,,,,,,,,,
22035,East Carroll,8.0,Cases_Other,68.0,68.0,68.0,68.0,68.0,68.0,68.0,78.0,78.0,78.0,78.0,78.0,78.0
22037,East Feliciana,2.0,Cases_Other,67.0,67.0,67.0,67.0,67.0,67.0,67.0,69.0,69.0,69.0,69.0,69.0,69.0
22037,East Feliciana,2.0,Cases_White,76.0,76.0,76.0,76.0,76.0,76.0,76.0,89.0,89.0,89.0,89.0,89.0,89.0
22037,East Feliciana,2.0,Deaths_White,16.0,16.0,16.0,16.0,16.0,16.0,16.0,17.0,17.0,17.0,17.0,17.0,17.0
22037,East Feliciana,2.0,Cases_Unknown,33.0,33.0,33.0,33.0,33.0,33.0,33.0,40.0,40.0,40.0,40.0,40.0,40.0
22037,East Feliciana,2.0,Deaths_Other,0.0,0.0,0.0,0.0,0.0,0.0,0.0,0.0,0.0,0.0,0.0,0.0,0.0
22037,East Feliciana,2.0,Deaths_Unknown,0.0,0.0,0.0,0.0,0.0,0.0,0.0,0.0,0.0,0.0,0.0,0.0,0.0
22037,East Feliciana,2.0,Cases_Black,135.0,135.0,135.0,135.0,135.0,135.0,135.0,161.0,161.0,161.0,161.0,161.0,161.0
22037,East Feliciana,2.0,Deaths_Black,17.0,17.0,17.0,17.0,17.0,17.0,17.0,17.0,17.0,17.0,17.0,17.0,17.0
22039,Evangeline,4.0,Cases_Other,28.0,28.0,28.0,28.0,28.0,28.0,28.0,48.0,48.0,48.0,48.0,48.0,48.0
22039,Evangeline,4.0,Deaths_Black,,,,,,,,,,,,,
22039,Evangeline,4.0,Deaths_Unknown,,,,,,,,,,,,,
22039,Evangeline,4.0,Cases_White,66.0,66.0,66.0,66.0,66.0,66.0,66.0,103.0,103.0,103.0,103.0,103.0,103.0
22039,Evangeline,4.0,Cases_Black,44.0,44.0,44.0,44.0,44.0,44.0,44.0,82.0,82.0,82.0,82.0,82.0,82.0
22039,Evangeline,4.0,Deaths_White,,,,,,,,,,,,,
22039,Evangeline,4.0,Cases_Unknown,94.0,94.0,94.0,94.0,94.0,94.0,94.0,105.0,105.0,105.0,105.0,105.0,105.0
22039,Evangeline,4.0,Deaths_Other,,,,,,,,,,,,,
22041,Franklin,8.0,Cases_Other,48.0,48.0,48.0,48.0,48.0,48.0,48.0,58.0,58.0,58.0,58.0,58.0,58.0
22041,Franklin,8.0,Cases_Black,155.0,155.0,155.0,155.0,155.0,155.0,155.0,180.0,180.0,180.0,180.0,180.0,180.0
22041,Franklin,8.0,Deaths_Unknown,,,,,,,,,,,,,
22041,Franklin,8.0,Deaths_Other,,,,,,,,,,,,,
22041,Franklin,8.0,Cases_White,107.0,107.0,107.0,107.0,107.0,107.0,107.0,127.0,127.0,127.0,127.0,127.0,127.0
22041,Franklin,8.0,Deaths_Black,,,,,,,,,,,,,
22041,Franklin,8.0,Cases_Unknown,190.0,190.0,190.0,190.0,190.0,190.0,190.0,208.0,208.0,208.0,208.0,208.0,208.0
22041,Franklin,8.0,Deaths_White,,,,,,,,,,,,,
22043,Grant,6.0,Cases_Unknown,25.0,25.0,25.0,25.0,25.0,25.0,25.0,32.0,32.0,32.0,32.0,32.0,32.0
22043,Grant,6.0,Cases_Other,11.0,11.0,11.0,11.0,11.0,11.0,11.0,22.0,22.0,22.0,22.0,22.0,22.0
22043,Grant,6.0,Deaths_Black,,,,,,,,,,,,,
22043,Grant,6.0,Deaths_White,,,,,,,,,,,,,
22043,Grant,6.0,Deaths_Other,,,,,,,,,,,,,
22043,Grant,6.0,Deaths_Unknown,,,,,,,,,,,,,
22043,Grant,6.0,Cases_Black,15.0,15.0,15.0,15.0,15.0,15.0,15.0,17.0,17.0,17.0,17.0,17.0,17.0
22043,Grant,6.0,Cases_White,43.0,43.0,43.0,43.0,43.0,43.0,43.0,62.0,62.0,62.0,62.0,62.0,62.0
22045,Iberia,4.0,Deaths_Other,0.0,0.0,0.0,0.0,0.0,0.0,0.0,0.0,0.0,0.0,0.0,0.0,0.0
22045,Iberia,4.0,Deaths_Black,15.0,15.0,15.0,15.0,15.0,15.0,15.0,18.0,18.0,18.0,18.0,18.0,18.0
22045,Iberia,4.0,Cases_Unknown,284.0,284.0,284.0,284.0,284.0,284.0,284.0,284.0,284.0,284.0,284.0,284.0,284.0
22045,Iberia,4.0,Deaths_Unknown,0.0,0.0,0.0,0.0,0.0,0.0,0.0,0.0,0.0,0.0,0.0,0.0,0.0
22045,Iberia,4.0,Cases_Black,385.0,385.0,385.0,385.0,385.0,385.0,385.0,543.0,543.0,543.0,543.0,543.0,543.0
22045,Iberia,4.0,Cases_Other,102.0,102.0,102.0,102.0,102.0,102.0,102.0,161.0,161.0,161.0,161.0,161.0,161.0
22045,Iberia,4.0,Deaths_White,30.0,30.0,30.0,30.0,30.0,30.0,30.0,35.0,35.0,35.0,35.0,35.0,35.0
22045,Iberia,4.0,Cases_White,210.0,210.0,210.0,210.0,210.0,210.0,210.0,356.0,356.0,356.0,356.0,356.0,356.0
22047,Iberville,2.0,Deaths_Unknown,0.0,0.0,0.0,0.0,0.0,0.0,0.0,0.0,0.0,0.0,0.0,0.0,0.0
22047,Iberville,2.0,Cases_Unknown,90.0,90.0,90.0,90.0,90.0,90.0,90.0,85.0,85.0,85.0,85.0,85.0,85.0
22047,Iberville,2.0,Cases_White,207.0,207.0,207.0,207.0,207.0,207.0,207.0,247.0,247.0,247.0,247.0,247.0,247.0
22047,Iberville,2.0,Cases_Black,413.0,413.0,413.0,413.0,413.0,413.0,413.0,463.0,463.0,463.0,463.0,463.0,463.0
22047,Iberville,2.0,Cases_Other,41.0,41.0,41.0,41.0,41.0,41.0,41.0,51.0,51.0,51.0,51.0,51.0,51.0
22047,Iberville,2.0,Deaths_White,12.0,12.0,12.0,12.0,12.0,12.0,12.0,12.0,12.0,12.0,12.0,12.0,12.0
22047,Iberville,2.0,Deaths_Other,1.0,1.0,1.0,1.0,1.0,1.0,1.0,1.0,1.0,1.0,1.0,1.0,1.0
22047,Iberville,2.0,Deaths_Black,30.0,30.0,30.0,30.0,30.0,30.0,30.0,30.0,30.0,30.0,30.0,30.0,30.0
22049,Jackson,8.0,Deaths_Unknown,,,,,,,,,,,,,
22049,Jackson,8.0,Cases_Black,56.0,56.0,56.0,56.0,56.0,56.0,56.0,61.0,61.0,61.0,61.0,61.0,61.0
22049,Jackson,8.0,Deaths_White,,,,,,,,,,,,,
22049,Jackson,8.0,Deaths_Black,,,,,,,,,,,,,
22049,Jackson,8.0,Deaths_Other,,,,,,,,,,,,,
22049,Jackson,8.0,Cases_Unknown,44.0,44.0,44.0,44.0,44.0,44.0,44.0,42.0,42.0,42.0,42.0,42.0,42.0
22049,Jackson,8.0,Cases_Other,77.0,77.0,77.0,77.0,77.0,77.0,77.0,92.0,92.0,92.0,92.0,92.0,92.0
22049,Jackson,8.0,Cases_White,43.0,43.0,43.0,43.0,43.0,43.0,43.0,46.0,46.0,46.0,46.0,46.0,46.0
22051,Jefferson,1.0,Cases_Black,3348.0,3348.0,3348.0,3348.0,3348.0,3348.0,3348.0,3556.0,3556.0,3556.0,3556.0,3556.0,3556.0
22051,Jefferson,1.0,Cases_Unknown,1712.0,1712.0,1712.0,1712.0,1712.0,1712.0,1712.0,1786.0,1786.0,1786.0,1786.0,1786.0,1786.0
22051,Jefferson,1.0,Deaths_Unknown,0.0,0.0,0.0,0.0,0.0,0.0,0.0,0.0,0.0,0.0,0.0,0.0,0.0
22051,Jefferson,1.0,Deaths_Other,17.0,17.0,17.0,17.0,17.0,17.0,17.0,17.0,17.0,17.0,17.0,17.0,17.0
22051,Jefferson,1.0,Deaths_White,234.0,234.0,234.0,234.0,234.0,234.0,234.0,237.0,237.0,237.0,237.0,237.0,237.0
22051,Jefferson,1.0,Deaths_Black,237.0,237.0,237.0,237.0,237.0,237.0,237.0,241.0,241.0,241.0,241.0,241.0,241.0
22051,Jefferson,1.0,Cases_White,3723.0,3723.0,3723.0,3723.0,3723.0,3723.0,3723.0,4324.0,4324.0,4324.0,4324.0,4324.0,4324.0
22051,Jefferson,1.0,Cases_Other,1325.0,1325.0,1325.0,1325.0,1325.0,1325.0,1325.0,1577.0,1577.0,1577.0,1577.0,1577.0,1577.0
22053,Jefferson Davis,5.0,Cases_Black,142.0,142.0,142.0,142.0,142.0,142.0,142.0,178.0,178.0,178.0,178.0,178.0,178.0
22053,Jefferson Davis,5.0,Cases_Other,31.0,31.0,31.0,31.0,31.0,31.0,31.0,52.0,52.0,52.0,52.0,52.0,52.0
22053,Jefferson Davis,5.0,Deaths_Other,,,,,,,,,,,,,
22053,Jefferson Davis,5.0,Deaths_Unknown,,,,,,,,,,,,,
22053,Jefferson Davis,5.0,Deaths_White,,,,,,,,,,,,,
22053,Jefferson Davis,5.0,Cases_White,176.0,176.0,176.0,176.0,176.0,176.0,176.0,256.0,256.0,256.0,256.0,256.0,256.0
22053,Jefferson Davis,5.0,Cases_Unknown,140.0,140.0,140.0,140.0,140.0,140.0,140.0,139.0,139.0,139.0,139.0,139.0,139.0
22053,Jefferson Davis,5.0,Deaths_Black,,,,,,,,,,,,,
22055,Lafayette,4.0,Cases_Other,406.0,406.0,406.0,406.0,406.0,406.0,406.0,559.0,559.0,559.0,559.0,559.0,559.0
22055,Lafayette,4.0,Cases_Black,947.0,947.0,947.0,947.0,947.0,947.0,947.0,1333.0,1333.0,1333.0,1333.0,1333.0,1333.0
22055,Lafayette,4.0,Cases_White,803.0,803.0,803.0,803.0,803.0,803.0,803.0,1263.0,1263.0,1263.0,1263.0,1263.0,1263.0
22055,Lafayette,4.0,Deaths_Unknown,0.0,0.0,0.0,0.0,0.0,0.0,0.0,0.0,0.0,0.0,0.0,0.0,0.0
22055,Lafayette,4.0,Deaths_Other,0.0,0.0,0.0,0.0,0.0,0.0,0.0,0.0,0.0,0.0,0.0,0.0,0.0
22055,Lafayette,4.0,Deaths_Black,19.0,19.0,19.0,19.0,19.0,19.0,19.0,20.0,20.0,20.0,20.0,20.0,20.0
22055,Lafayette,4.0,Cases_Unknown,734.0,734.0,734.0,734.0,734.0,734.0,734.0,824.0,824.0,824.0,824.0,824.0,824.0
22055,Lafayette,4.0,Deaths_White,29.0,29.0,29.0,29.0,29.0,29.0,29.0,35.0,35.0,35.0,35.0,35.0,35.0
22057,Lafourche,3.0,Cases_Other,169.0,169.0,169.0,169.0,169.0,169.0,169.0,217.0,217.0,217.0,217.0,217.0,217.0
22057,Lafourche,3.0,Deaths_Unknown,0.0,0.0,0.0,0.0,0.0,0.0,0.0,0.0,0.0,0.0,0.0,0.0,0.0
22057,Lafourche,3.0,Cases_Unknown,191.0,191.0,191.0,191.0,191.0,191.0,191.0,232.0,232.0,232.0,232.0,232.0,232.0
22057,Lafourche,3.0,Deaths_Other,0.0,0.0,0.0,0.0,0.0,0.0,0.0,0.0,0.0,0.0,0.0,0.0,0.0
22057,Lafourche,3.0,Deaths_White,64.0,64.0,64.0,64.0,64.0,64.0,64.0,65.0,65.0,65.0,65.0,65.0,65.0
22057,Lafourche,3.0,Cases_Black,413.0,413.0,413.0,413.0,413.0,413.0,413.0,487.0,487.0,487.0,487.0,487.0,487.0
22057,Lafourche,3.0,Cases_White,538.0,538.0,538.0,538.0,538.0,538.0,538.0,709.0,709.0,709.0,709.0,709.0,709.0
22057,Lafourche,3.0,Deaths_Black,26.0,26.0,26.0,26.0,26.0,26.0,26.0,26.0,26.0,26.0,26.0,26.0,26.0
22059,La Salle,6.0,Cases_Unknown,36.0,36.0,36.0,36.0,36.0,36.0,36.0,37.0,37.0,37.0,37.0,37.0,37.0
22059,La Salle,6.0,Cases_White,33.0,33.0,33.0,33.0,33.0,33.0,33.0,43.0,43.0,43.0,43.0,43.0,43.0
22059,La Salle,6.0,Deaths_Unknown,,,,,,,,,,,,,
22059,La Salle,6.0,Cases_Black,14.0,14.0,14.0,14.0,14.0,14.0,14.0,17.0,17.0,17.0,17.0,17.0,17.0
22059,La Salle,6.0,Deaths_Other,,,,,,,,,,,,,
22059,La Salle,6.0,Deaths_White,,,,,,,,,,,,,
22059,La Salle,6.0,Cases_Other,22.0,22.0,22.0,22.0,22.0,22.0,22.0,29.0,29.0,29.0,29.0,29.0,29.0
22059,La Salle,6.0,Deaths_Black,,,,,,,,,,,,,
22061,Lincoln,8.0,Deaths_Unknown,,,,,,,,,,,,,
22061,Lincoln,8.0,Deaths_Black,,,,,,,,,,,,,
22061,Lincoln,8.0,Deaths_Other,,,,,,,,,,,,,
22061,Lincoln,8.0,Cases_White,50.0,50.0,50.0,50.0,50.0,50.0,50.0,73.0,73.0,73.0,73.0,73.0,73.0
22061,Lincoln,8.0,Cases_Other,85.0,85.0,85.0,85.0,85.0,85.0,85.0,112.0,112.0,112.0,112.0,112.0,112.0
22061,Lincoln,8.0,Deaths_White,,,,,,,,,,,,,
22061,Lincoln,8.0,Cases_Black,155.0,155.0,155.0,155.0,155.0,155.0,155.0,190.0,190.0,190.0,190.0,190.0,190.0
22061,Lincoln,8.0,Cases_Unknown,60.0,60.0,60.0,60.0,60.0,60.0,60.0,76.0,76.0,76.0,76.0,76.0,76.0
22063,Livingston,9.0,Cases_White,678.0,678.0,678.0,678.0,678.0,678.0,678.0,901.0,901.0,901.0,901.0,901.0,901.0
22063,Livingston,9.0,Deaths_White,32.0,32.0,32.0,32.0,32.0,32.0,32.0,34.0,34.0,34.0,34.0,34.0,34.0
22063,Livingston,9.0,Deaths_Unknown,0.0,0.0,0.0,0.0,0.0,0.0,0.0,0.0,0.0,0.0,0.0,0.0,0.0
22063,Livingston,9.0,Deaths_Black,7.0,7.0,7.0,7.0,7.0,7.0,7.0,7.0,7.0,7.0,7.0,7.0,7.0
22063,Livingston,9.0,Cases_Unknown,210.0,210.0,210.0,210.0,210.0,210.0,210.0,255.0,255.0,255.0,255.0,255.0,255.0
22063,Livingston,9.0,Cases_Black,139.0,139.0,139.0,139.0,139.0,139.0,139.0,222.0,222.0,222.0,222.0,222.0,222.0
22063,Livingston,9.0,Cases_Other,152.0,152.0,152.0,152.0,152.0,152.0,152.0,197.0,197.0,197.0,197.0,197.0,197.0
22063,Livingston,9.0,Deaths_Other,0.0,0.0,0.0,0.0,0.0,0.0,0.0,0.0,0.0,0.0,0.0,0.0,0.0
22065,Madison,8.0,Deaths_Other,,,,,,,,,,,,,
22065,Madison,8.0,Deaths_Unknown,,,,,,,,,,,,,
22065,Madison,8.0,Deaths_White,,,,,,,,,,,,,
22065,Madison,8.0,Cases_Other,42.0,42.0,42.0,42.0,42.0,42.0,42.0,52.0,52.0,52.0,52.0,52.0,52.0
22065,Madison,8.0,Cases_White,56.0,56.0,56.0,56.0,56.0,56.0,56.0,71.0,71.0,71.0,71.0,71.0,71.0
22065,Madison,8.0,Cases_Black,194.0,194.0,194.0,194.0,194.0,194.0,194.0,213.0,213.0,213.0,213.0,213.0,213.0
22065,Madison,8.0,Deaths_Black,,,,,,,,,,,,,
22065,Madison,8.0,Cases_Unknown,101.0,101.0,101.0,101.0,101.0,101.0,101.0,103.0,103.0,103.0,103.0,103.0,103.0
22067,Morehouse,8.0,Deaths_Other,,,,,,,,,,,,,
22067,Morehouse,8.0,Deaths_White,,,,,,,,,,,,,
22067,Morehouse,8.0,Cases_Black,161.0,161.0,161.0,161.0,161.0,161.0,161.0,183.0,183.0,183.0,183.0,183.0,183.0
22067,Morehouse,8.0,Deaths_Unknown,,,,,,,,,,,,,
22067,Morehouse,8.0,Deaths_Black,,,,,,,,,,,,,
22067,Morehouse,8.0,Cases_Other,17.0,17.0,17.0,17.0,17.0,17.0,17.0,28.0,28.0,28.0,28.0,28.0,28.0
22067,Morehouse,8.0,Cases_Unknown,43.0,43.0,43.0,43.0,43.0,43.0,43.0,42.0,42.0,42.0,42.0,42.0,42.0
22067,Morehouse,8.0,Cases_White,33.0,33.0,33.0,33.0,33.0,33.0,33.0,35.0,35.0,35.0,35.0,35.0,35.0
22069,Natchitoches,7.0,Cases_White,86.0,86.0,86.0,86.0,86.0,86.0,86.0,111.0,111.0,111.0,111.0,111.0,111.0
22069,Natchitoches,7.0,Deaths_Unknown,,,,,,,,,,,,,
22069,Natchitoches,7.0,Cases_Black,139.0,139.0,139.0,139.0,139.0,139.0,139.0,181.0,181.0,181.0,181.0,181.0,181.0
22069,Natchitoches,7.0,Deaths_Black,,,,,,,,,,,,,
22069,Natchitoches,7.0,Cases_Other,25.0,25.0,25.0,25.0,25.0,25.0,25.0,30.0,30.0,30.0,30.0,30.0,30.0
22069,Natchitoches,7.0,Cases_Unknown,74.0,74.0,74.0,74.0,74.0,74.0,74.0,79.0,79.0,79.0,79.0,79.0,79.0
22069,Natchitoches,7.0,Deaths_White,,,,,,,,,,,,,
22069,Natchitoches,7.0,Deaths_Other,,,,,,,,,,,,,
22071,Orleans,1.0,Cases_Unknown,1056.0,1056.0,1056.0,1056.0,1056.0,1056.0,1056.0,1143.0,1143.0,1143.0,1143.0,1143.0,1143.0
22071,Orleans,1.0,Deaths_Other,10.0,10.0,10.0,10.0,10.0,10.0,10.0,10.0,10.0,10.0,10.0,10.0,10.0
22071,Orleans,1.0,Cases_Other,612.0,612.0,612.0,612.0,612.0,612.0,612.0,675.0,675.0,675.0,675.0,675.0,675.0
22071,Orleans,1.0,Deaths_Unknown,0.0,0.0,0.0,0.0,0.0,0.0,0.0,0.0,0.0,0.0,0.0,0.0,0.0
22071,Orleans,1.0,Deaths_Black,404.0,404.0,404.0,404.0,404.0,404.0,404.0,407.0,407.0,407.0,407.0,407.0,407.0
22071,Orleans,1.0,Deaths_White,121.0,121.0,121.0,121.0,121.0,121.0,121.0,125.0,125.0,125.0,125.0,125.0,125.0
22071,Orleans,1.0,Cases_Black,5130.0,5130.0,5130.0,5130.0,5130.0,5130.0,5130.0,5385.0,5385.0,5385.0,5385.0,5385.0,5385.0
22071,Orleans,1.0,Cases_White,1331.0,1331.0,1331.0,1331.0,1331.0,1331.0,1331.0,1541.0,1541.0,1541.0,1541.0,1541.0,1541.0
22073,Ouachita,8.0,Deaths_White,35.0,35.0,35.0,35.0,35.0,35.0,35.0,42.0,42.0,42.0,42.0,42.0,42.0
22073,Ouachita,8.0,Deaths_Black,46.0,46.0,46.0,46.0,46.0,46.0,46.0,50.0,50.0,50.0,50.0,50.0,50.0
22073,Ouachita,8.0,Cases_White,465.0,465.0,465.0,465.0,465.0,465.0,465.0,550.0,550.0,550.0,550.0,550.0,550.0
22073,Ouachita,8.0,Cases_Other,453.0,453.0,453.0,453.0,453.0,453.0,453.0,624.0,624.0,624.0,624.0,624.0,624.0
22073,Ouachita,8.0,Deaths_Unknown,0.0,0.0,0.0,0.0,0.0,0.0,0.0,0.0,0.0,0.0,0.0,0.0,0.0
22073,Ouachita,8.0,Cases_Unknown,531.0,531.0,531.0,531.0,531.0,531.0,531.0,539.0,539.0,539.0,539.0,539.0,539.0
22073,Ouachita,8.0,Deaths_Other,0.0,0.0,0.0,0.0,0.0,0.0,0.0,0.0,0.0,0.0,0.0,0.0,0.0
22073,Ouachita,8.0,Cases_Black,1252.0,1252.0,1252.0,1252.0,1252.0,1252.0,1252.0,1458.0,1458.0,1458.0,1458.0,1458.0,1458.0
22075,Plaquemines,1.0,Cases_White,130.0,130.0,130.0,130.0,130.0,130.0,130.0,151.0,151.0,151.0,151.0,151.0,151.0
22075,Plaquemines,1.0,Deaths_Other,,,,,,,,,,,,,
22075,Plaquemines,1.0,Deaths_White,,,,,,,,,,,,,
22075,Plaquemines,1.0,Deaths_Black,,,,,,,,,,,,,
22075,Plaquemines,1.0,Cases_Unknown,38.0,38.0,38.0,38.0,38.0,38.0,38.0,44.0,44.0,44.0,44.0,44.0,44.0
22075,Plaquemines,1.0,Cases_Other,18.0,18.0,18.0,18.0,18.0,18.0,18.0,20.0,20.0,20.0,20.0,20.0,20.0
22075,Plaquemines,1.0,Deaths_Unknown,,,,,,,,,,,,,
22075,Plaquemines,1.0,Cases_Black,92.0,92.0,92.0,92.0,92.0,92.0,92.0,102.0,102.0,102.0,102.0,102.0,102.0
22077,Pointe Coupee,2.0,Deaths_Other,0.0,0.0,0.0,0.0,0.0,0.0,0.0,0.0,0.0,0.0,0.0,0.0,0.0
22077,Pointe Coupee,2.0,Deaths_White,15.0,15.0,15.0,15.0,15.0,15.0,15.0,15.0,15.0,15.0,15.0,15.0,15.0
22077,Pointe Coupee,2.0,Cases_White,93.0,93.0,93.0,93.0,93.0,93.0,93.0,125.0,125.0,125.0,125.0,125.0,125.0
22077,Pointe Coupee,2.0,Cases_Unknown,48.0,48.0,48.0,48.0,48.0,48.0,48.0,63.0,63.0,63.0,63.0,63.0,63.0
22077,Pointe Coupee,2.0,Deaths_Black,13.0,13.0,13.0,13.0,13.0,13.0,13.0,13.0,13.0,13.0,13.0,13.0,13.0
22077,Pointe Coupee,2.0,Deaths_Unknown,0.0,0.0,0.0,0.0,0.0,0.0,0.0,0.0,0.0,0.0,0.0,0.0,0.0
22077,Pointe Coupee,2.0,Cases_Other,13.0,13.0,13.0,13.0,13.0,13.0,13.0,25.0,25.0,25.0,25.0,25.0,25.0
22077,Pointe Coupee,2.0,Cases_Black,140.0,140.0,140.0,140.0,140.0,140.0,140.0,182.0,182.0,182.0,182.0,182.0,182.0
22079,Rapides,6.0,Deaths_Unknown,0.0,0.0,0.0,0.0,0.0,0.0,0.0,0.0,0.0,0.0,0.0,0.0,0.0
22079,Rapides,6.0,Cases_Other,117.0,117.0,117.0,117.0,117.0,117.0,117.0,172.0,172.0,172.0,172.0,172.0,172.0
22079,Rapides,6.0,Cases_Unknown,348.0,348.0,348.0,348.0,348.0,348.0,348.0,465.0,465.0,465.0,465.0,465.0,465.0
22079,Rapides,6.0,Cases_White,471.0,471.0,471.0,471.0,471.0,471.0,471.0,534.0,534.0,534.0,534.0,534.0,534.0
22079,Rapides,6.0,Cases_Black,749.0,749.0,749.0,749.0,749.0,749.0,749.0,851.0,851.0,851.0,851.0,851.0,851.0
22079,Rapides,6.0,Deaths_Other,1.0,1.0,1.0,1.0,1.0,1.0,1.0,1.0,1.0,1.0,1.0,1.0,1.0
22079,Rapides,6.0,Deaths_White,29.0,29.0,29.0,29.0,29.0,29.0,29.0,38.0,38.0,38.0,38.0,38.0,38.0
22079,Rapides,6.0,Deaths_Black,38.0,38.0,38.0,38.0,38.0,38.0,38.0,42.0,42.0,42.0,42.0,42.0,42.0
22081,Red River,7.0,Cases_White,12.0,12.0,12.0,12.0,12.0,12.0,12.0,16.0,16.0,16.0,16.0,16.0,16.0
22081,Red River,7.0,Deaths_Other,,,,,,,,,,,,,
22081,Red River,7.0,Deaths_White,,,,,,,,,,,,,
22081,Red River,7.0,Deaths_Black,,,,,,,,,,,,,
22081,Red River,7.0,Cases_Black,33.0,33.0,33.0,33.0,33.0,33.0,33.0,53.0,53.0,53.0,53.0,53.0,53.0
22081,Red River,7.0,Cases_Other,3.0,3.0,3.0,3.0,3.0,3.0,3.0,7.0,7.0,7.0,7.0,7.0,7.0
22081,Red River,7.0,Cases_Unknown,14.0,14.0,14.0,14.0,14.0,14.0,14.0,16.0,16.0,16.0,16.0,16.0,16.0
22081,Red River,7.0,Deaths_Unknown,,,,,,,,,,,,,
22083,Richland,8.0,Cases_Unknown,42.0,42.0,42.0,42.0,42.0,42.0,42.0,51.0,51.0,51.0,51.0,51.0,51.0
22083,Richland,8.0,Cases_White,36.0,36.0,36.0,36.0,36.0,36.0,36.0,52.0,52.0,52.0,52.0,52.0,52.0
22083,Richland,8.0,Cases_Black,100.0,100.0,100.0,100.0,100.0,100.0,100.0,139.0,139.0,139.0,139.0,139.0,139.0
22083,Richland,8.0,Deaths_Other,,,,,,,,,,,,,
22083,Richland,8.0,Cases_Other,38.0,38.0,38.0,38.0,38.0,38.0,38.0,47.0,47.0,47.0,47.0,47.0,47.0
22083,Richland,8.0,Deaths_Unknown,,,,,,,,,,,,,
22083,Richland,8.0,Deaths_White,,,,,,,,,,,,,
22083,Richland,8.0,Deaths_Black,,,,,,,,,,,,,
22085,Sabine,7.0,Deaths_Black,,,,,,,,,,,,,
22085,Sabine,7.0,Cases_Black,19.0,19.0,19.0,19.0,19.0,19.0,19.0,31.0,31.0,31.0,31.0,31.0,31.0
22085,Sabine,7.0,Cases_White,43.0,43.0,43.0,43.0,43.0,43.0,43.0,75.0,75.0,75.0,75.0,75.0,75.0
22085,Sabine,7.0,Deaths_White,,,,,,,,,,,,,
22085,Sabine,7.0,Deaths_Other,,,,,,,,,,,,,
22085,Sabine,7.0,Cases_Unknown,18.0,18.0,18.0,18.0,18.0,18.0,18.0,42.0,42.0,42.0,42.0,42.0,42.0
22085,Sabine,7.0,Cases_Other,24.0,24.0,24.0,24.0,24.0,24.0,24.0,72.0,72.0,72.0,72.0,72.0,72.0
22085,Sabine,7.0,Deaths_Unknown,,,,,,,,,,,,,
22087,St. Bernard,1.0,Cases_Other,59.0,59.0,59.0,59.0,59.0,59.0,59.0,71.0,71.0,71.0,71.0,71.0,71.0
22087,St. Bernard,1.0,Cases_White,259.0,259.0,259.0,259.0,259.0,259.0,259.0,303.0,303.0,303.0,303.0,303.0,303.0
22087,St. Bernard,1.0,Cases_Unknown,63.0,63.0,63.0,63.0,63.0,63.0,63.0,70.0,70.0,70.0,70.0,70.0,70.0
22087,St. Bernard,1.0,Deaths_Other,,,,,,,,,,,,,
22087,St. Bernard,1.0,Deaths_White,,,,,,,,,,,,,
22087,St. Bernard,1.0,Deaths_Unknown,,,,,,,,,,,,,
22087,St. Bernard,1.0,Cases_Black,272.0,272.0,272.0,272.0,272.0,272.0,272.0,277.0,277.0,277.0,277.0,277.0,277.0
22087,St. Bernard,1.0,Deaths_Black,,,,,,,,,,,,,
22089,St. Charles,3.0,Cases_White,366.0,366.0,366.0,366.0,366.0,366.0,366.0,426.0,426.0,426.0,426.0,426.0,426.0
22089,St. Charles,3.0,Cases_Other,30.0,30.0,30.0,30.0,30.0,30.0,30.0,33.0,33.0,33.0,33.0,33.0,33.0
22089,St. Charles,3.0,Deaths_Unknown,0.0,0.0,0.0,0.0,0.0,0.0,0.0,0.0,0.0,0.0,0.0,0.0,0.0
22089,St. Charles,3.0,Deaths_Black,22.0,22.0,22.0,22.0,22.0,22.0,22.0,22.0,22.0,22.0,22.0,22.0,22.0
22089,St. Charles,3.0,Deaths_White,27.0,27.0,27.0,27.0,27.0,27.0,27.0,27.0,27.0,27.0,27.0,27.0,27.0
22089,St. Charles,3.0,Deaths_Other,0.0,0.0,0.0,0.0,0.0,0.0,0.0,0.0,0.0,0.0,0.0,0.0,0.0
22089,St. Charles,3.0,Cases_Unknown,87.0,87.0,87.0,87.0,87.0,87.0,87.0,85.0,85.0,85.0,85.0,85.0,85.0
22089,St. Charles,3.0,Cases_Black,324.0,324.0,324.0,324.0,324.0,324.0,324.0,345.0,345.0,345.0,345.0,345.0,345.0
22091,St. Helena,9.0,Deaths_Other,,,,,,,,,,,,,
22091,St. Helena,9.0,Cases_Unknown,14.0,14.0,14.0,14.0,14.0,14.0,14.0,20.0,20.0,20.0,20.0,20.0,20.0
22091,St. Helena,9.0,Deaths_White,,,,,,,,,,,,,
22091,St. Helena,9.0,Cases_Black,78.0,78.0,78.0,78.0,78.0,78.0,78.0,89.0,89.0,89.0,89.0,89.0,89.0
22091,St. Helena,9.0,Deaths_Unknown,,,,,,,,,,,,,
22091,St. Helena,9.0,Deaths_Black,,,,,,,,,,,,,
22091,St. Helena,9.0,Cases_White,14.0,14.0,14.0,14.0,14.0,14.0,14.0,22.0,22.0,22.0,22.0,22.0,22.0
22091,St. Helena,9.0,Cases_Other,7.0,7.0,7.0,7.0,7.0,7.0,7.0,10.0,10.0,10.0,10.0,10.0,10.0
22093,St. James,3.0,Deaths_White,7.0,7.0,7.0,7.0,7.0,7.0,7.0,7.0,7.0,7.0,7.0,7.0,7.0
22093,St. James,3.0,Cases_Black,251.0,251.0,251.0,251.0,251.0,251.0,251.0,274.0,274.0,274.0,274.0,274.0,274.0
22093,St. James,3.0,Cases_Other,21.0,21.0,21.0,21.0,21.0,21.0,21.0,25.0,25.0,25.0,25.0,25.0,25.0
22093,St. James,3.0,Deaths_Black,22.0,22.0,22.0,22.0,22.0,22.0,22.0,23.0,23.0,23.0,23.0,23.0,23.0
22093,St. James,3.0,Deaths_Other,0.0,0.0,0.0,0.0,0.0,0.0,0.0,0.0,0.0,0.0,0.0,0.0,0.0
22093,St. James,3.0,Cases_White,80.0,80.0,80.0,80.0,80.0,80.0,80.0,105.0,105.0,105.0,105.0,105.0,105.0
22093,St. James,3.0,Cases_Unknown,57.0,57.0,57.0,57.0,57.0,57.0,57.0,51.0,51.0,51.0,51.0,51.0,51.0
22093,St. James,3.0,Deaths_Unknown,0.0,0.0,0.0,0.0,0.0,0.0,0.0,0.0,0.0,0.0,0.0,0.0,0.0
22095,St. John the Baptist,3.0,Deaths_White,39.0,39.0,39.0,39.0,39.0,39.0,39.0,39.0,39.0,39.0,39.0,39.0,39.0
22095,St. John the Baptist,3.0,Deaths_Unknown,0.0,0.0,0.0,0.0,0.0,0.0,0.0,0.0,0.0,0.0,0.0,0.0,0.0
22095,St. John the Baptist,3.0,Cases_White,214.0,214.0,214.0,214.0,214.0,214.0,214.0,242.0,242.0,242.0,242.0,242.0,242.0
22095,St. John the Baptist,3.0,Deaths_Black,48.0,48.0,48.0,48.0,48.0,48.0,48.0,49.0,49.0,49.0,49.0,49.0,49.0
22095,St. John the Baptist,3.0,Cases_Black,677.0,677.0,677.0,677.0,677.0,677.0,677.0,721.0,721.0,721.0,721.0,721.0,721.0
22095,St. John the Baptist,3.0,Deaths_Other,0.0,0.0,0.0,0.0,0.0,0.0,0.0,0.0,0.0,0.0,0.0,0.0,0.0
22095,St. John the Baptist,3.0,Cases_Unknown,81.0,81.0,81.0,81.0,81.0,81.0,81.0,84.0,84.0,84.0,84.0,84.0,84.0
22095,St. John the Baptist,3.0,Cases_Other,40.0,40.0,40.0,40.0,40.0,40.0,40.0,47.0,47.0,47.0,47.0,47.0,47.0
22097,St. Landry,4.0,Deaths_White,46.0,46.0,46.0,46.0,46.0,46.0,46.0,47.0,47.0,47.0,47.0,47.0,47.0
22097,St. Landry,4.0,Cases_Black,297.0,297.0,297.0,297.0,297.0,297.0,297.0,431.0,431.0,431.0,431.0,431.0,431.0
22097,St. Landry,4.0,Cases_Other,77.0,77.0,77.0,77.0,77.0,77.0,77.0,110.0,110.0,110.0,110.0,110.0,110.0
22097,St. Landry,4.0,Deaths_Unknown,0.0,0.0,0.0,0.0,0.0,0.0,0.0,0.0,0.0,0.0,0.0,0.0,0.0
22097,St. Landry,4.0,Deaths_Black,11.0,11.0,11.0,11.0,11.0,11.0,11.0,13.0,13.0,13.0,13.0,13.0,13.0
22097,St. Landry,4.0,Cases_White,246.0,246.0,246.0,246.0,246.0,246.0,246.0,384.0,384.0,384.0,384.0,384.0,384.0
22097,St. Landry,4.0,Deaths_Other,0.0,0.0,0.0,0.0,0.0,0.0,0.0,0.0,0.0,0.0,0.0,0.0,0.0
22097,St. Landry,4.0,Cases_Unknown,176.0,176.0,176.0,176.0,176.0,176.0,176.0,204.0,204.0,204.0,204.0,204.0,204.0
22099,St. Martin,4.0,Deaths_Unknown,0.0,0.0,0.0,0.0,0.0,0.0,0.0,0.0,0.0,0.0,0.0,0.0,0.0
22099,St. Martin,4.0,Cases_Black,305.0,305.0,305.0,305.0,305.0,305.0,305.0,383.0,383.0,383.0,383.0,383.0,383.0
22099,St. Martin,4.0,Cases_White,257.0,257.0,257.0,257.0,257.0,257.0,257.0,363.0,363.0,363.0,363.0,363.0,363.0
22099,St. Martin,4.0,Deaths_Other,0.0,0.0,0.0,0.0,0.0,0.0,0.0,0.0,0.0,0.0,0.0,0.0,0.0
22099,St. Martin,4.0,Deaths_Black,8.0,8.0,8.0,8.0,8.0,8.0,8.0,8.0,8.0,8.0,8.0,8.0,8.0
22099,St. Martin,4.0,Deaths_White,19.0,19.0,19.0,19.0,19.0,19.0,19.0,21.0,21.0,21.0,21.0,21.0,21.0
22099,St. Martin,4.0,Cases_Other,207.0,207.0,207.0,207.0,207.0,207.0,207.0,235.0,235.0,235.0,235.0,235.0,235.0
22099,St. Martin,4.0,Cases_Unknown,92.0,92.0,92.0,92.0,92.0,92.0,92.0,89.0,89.0,89.0,89.0,89.0,89.0
22101,St. Mary,3.0,Cases_Black,228.0,228.0,228.0,228.0,228.0,228.0,228.0,307.0,307.0,307.0,307.0,307.0,307.0
22101,St. Mary,3.0,Cases_White,137.0,137.0,137.0,137.0,137.0,137.0,137.0,208.0,208.0,208.0,208.0,208.0,208.0
22101,St. Mary,3.0,Deaths_Other,1.0,1.0,1.0,1.0,1.0,1.0,1.0,1.0,1.0,1.0,1.0,1.0,1.0
22101,St. Mary,3.0,Cases_Unknown,193.0,193.0,193.0,193.0,193.0,193.0,193.0,222.0,222.0,222.0,222.0,222.0,222.0
22101,St. Mary,3.0,Deaths_Unknown,0.0,0.0,0.0,0.0,0.0,0.0,0.0,0.0,0.0,0.0,0.0,0.0,0.0
22101,St. Mary,3.0,Deaths_Black,21.0,21.0,21.0,21.0,21.0,21.0,21.0,21.0,21.0,21.0,21.0,21.0,21.0
22101,St. Mary,3.0,Deaths_White,16.0,16.0,16.0,16.0,16.0,16.0,16.0,17.0,17.0,17.0,17.0,17.0,17.0
22101,St. Mary,3.0,Cases_Other,48.0,48.0,48.0,48.0,48.0,48.0,48.0,71.0,71.0,71.0,71.0,71.0,71.0
22103,St. Tammany,9.0,Cases_White,1688.0,1688.0,1688.0,1688.0,1688.0,1688.0,1688.0,2073.0,2073.0,2073.0,2073.0,2073.0,2073.0
22103,St. Tammany,9.0,Deaths_Black,28.0,28.0,28.0,28.0,28.0,28.0,28.0,28.0,28.0,28.0,28.0,28.0,28.0
22103,St. Tammany,9.0,Deaths_Other,1.0,1.0,1.0,1.0,1.0,1.0,1.0,1.0,1.0,1.0,1.0,1.0,1.0
22103,St. Tammany,9.0,Deaths_White,150.0,150.0,150.0,150.0,150.0,150.0,150.0,158.0,158.0,158.0,158.0,158.0,158.0
22103,St. Tammany,9.0,Cases_Black,538.0,538.0,538.0,538.0,538.0,538.0,538.0,632.0,632.0,632.0,632.0,632.0,632.0
22103,St. Tammany,9.0,Cases_Unknown,268.0,268.0,268.0,268.0,268.0,268.0,268.0,326.0,326.0,326.0,326.0,326.0,326.0
22103,St. Tammany,9.0,Deaths_Unknown,0.0,0.0,0.0,0.0,0.0,0.0,0.0,0.0,0.0,0.0,0.0,0.0,0.0
22103,St. Tammany,9.0,Cases_Other,174.0,174.0,174.0,174.0,174.0,174.0,174.0,213.0,213.0,213.0,213.0,213.0,213.0
22105,Tangipahoa,9.0,Deaths_Black,18.0,18.0,18.0,18.0,18.0,18.0,18.0,19.0,19.0,19.0,19.0,19.0,19.0
22105,Tangipahoa,9.0,Cases_Black,613.0,613.0,613.0,613.0,613.0,613.0,613.0,722.0,722.0,722.0,722.0,722.0,722.0
22105,Tangipahoa,9.0,Deaths_Unknown,0.0,0.0,0.0,0.0,0.0,0.0,0.0,0.0,0.0,0.0,0.0,0.0,0.0
22105,Tangipahoa,9.0,Cases_Other,135.0,135.0,135.0,135.0,135.0,135.0,135.0,196.0,196.0,196.0,196.0,196.0,196.0
22105,Tangipahoa,9.0,Deaths_White,25.0,25.0,25.0,25.0,25.0,25.0,25.0,26.0,26.0,26.0,26.0,26.0,26.0
22105,Tangipahoa,9.0,Deaths_Other,0.0,0.0,0.0,0.0,0.0,0.0,0.0,0.0,0.0,0.0,0.0,0.0,0.0
22105,Tangipahoa,9.0,Cases_White,616.0,616.0,616.0,616.0,616.0,616.0,616.0,831.0,831.0,831.0,831.0,831.0,831.0
22105,Tangipahoa,9.0,Cases_Unknown,174.0,174.0,174.0,174.0,174.0,174.0,174.0,153.0,153.0,153.0,153.0,153.0,153.0
22107,Tensas,8.0,Cases_Other,1.0,1.0,1.0,1.0,1.0,1.0,1.0,2.0,2.0,2.0,2.0,2.0,2.0
22107,Tensas,8.0,Deaths_White,,,,,,,,,,,,,
22107,Tensas,8.0,Cases_White,2.0,2.0,2.0,2.0,2.0,2.0,2.0,3.0,3.0,3.0,3.0,3.0,3.0
22107,Tensas,8.0,Deaths_Unknown,,,,,,,,,,,,,
22107,Tensas,8.0,Cases_Unknown,6.0,6.0,6.0,6.0,6.0,6.0,6.0,8.0,8.0,8.0,8.0,8.0,8.0
22107,Tensas,8.0,Deaths_Black,,,,,,,,,,,,,
22107,Tensas,8.0,Cases_Black,19.0,19.0,19.0,19.0,19.0,19.0,19.0,21.0,21.0,21.0,21.0,21.0,21.0
22107,Tensas,8.0,Deaths_Other,,,,,,,,,,,,,
22109,Terrebonne,3.0,Cases_Black,443.0,443.0,443.0,443.0,443.0,443.0,443.0,552.0,552.0,552.0,552.0,552.0,552.0
22109,Terrebonne,3.0,Deaths_White,35.0,35.0,35.0,35.0,35.0,35.0,35.0,39.0,39.0,39.0,39.0,39.0,39.0
22109,Terrebonne,3.0,Cases_White,553.0,553.0,553.0,553.0,553.0,553.0,553.0,770.0,770.0,770.0,770.0,770.0,770.0
22109,Terrebonne,3.0,Deaths_Unknown,0.0,0.0,0.0,0.0,0.0,0.0,0.0,0.0,0.0,0.0,0.0,0.0,0.0
22109,Terrebonne,3.0,Cases_Unknown,182.0,182.0,182.0,182.0,182.0,182.0,182.0,239.0,239.0,239.0,239.0,239.0,239.0
22109,Terrebonne,3.0,Deaths_Other,3.0,3.0,3.0,3.0,3.0,3.0,3.0,3.0,3.0,3.0,3.0,3.0,3.0
22109,Terrebonne,3.0,Deaths_Black,23.0,23.0,23.0,23.0,23.0,23.0,23.0,25.0,25.0,25.0,25.0,25.0,25.0
22109,Terrebonne,3.0,Cases_Other,89.0,89.0,89.0,89.0,89.0,89.0,89.0,144.0,144.0,144.0,144.0,144.0,144.0
22111,Union,8.0,Cases_Unknown,62.0,62.0,62.0,62.0,62.0,62.0,62.0,60.0,60.0,60.0,60.0,60.0,60.0
22111,Union,8.0,Deaths_Other,0.0,0.0,0.0,0.0,0.0,0.0,0.0,0.0,0.0,0.0,0.0,0.0,0.0
22111,Union,8.0,Deaths_Black,9.0,9.0,9.0,9.0,9.0,9.0,9.0,10.0,10.0,10.0,10.0,10.0,10.0
22111,Union,8.0,Cases_Black,224.0,224.0,224.0,224.0,224.0,224.0,224.0,235.0,235.0,235.0,235.0,235.0,235.0
22111,Union,8.0,Deaths_Unknown,1.0,1.0,1.0,1.0,1.0,1.0,1.0,0.0,0.0,0.0,0.0,0.0,0.0
22111,Union,8.0,Cases_Other,49.0,49.0,49.0,49.0,49.0,49.0,49.0,62.0,62.0,62.0,62.0,62.0,62.0
22111,Union,8.0,Cases_White,110.0,110.0,110.0,110.0,110.0,110.0,110.0,119.0,119.0,119.0,119.0,119.0,119.0
22111,Union,8.0,Deaths_White,16.0,16.0,16.0,16.0,16.0,16.0,16.0,18.0,18.0,18.0,18.0,18.0,18.0
22113,Vermilion,4.0,Cases_White,140.0,140.0,140.0,140.0,140.0,140.0,140.0,234.0,234.0,234.0,234.0,234.0,234.0
22113,Vermilion,4.0,Deaths_Unknown,,,,,,,,,,,,,
22113,Vermilion,4.0,Deaths_White,,,,,,,,,,,,,
22113,Vermilion,4.0,Deaths_Other,,,,,,,,,,,,,
22113,Vermilion,4.0,Cases_Unknown,121.0,121.0,121.0,121.0,121.0,121.0,121.0,136.0,136.0,136.0,136.0,136.0,136.0
22113,Vermilion,4.0,Cases_Black,71.0,71.0,71.0,71.0,71.0,71.0,71.0,133.0,133.0,133.0,133.0,133.0,133.0
22113,Vermilion,4.0,Deaths_Black,,,,,,,,,,,,,
22113,Vermilion,4.0,Cases_Other,33.0,33.0,33.0,33.0,33.0,33.0,33.0,67.0,67.0,67.0,67.0,67.0,67.0
22115,Vernon,6.0,Cases_Black,23.0,23.0,23.0,23.0,23.0,23.0,23.0,41.0,41.0,41.0,41.0,41.0,41.0
22115,Vernon,6.0,Deaths_Other,,,,,,,,,,,,,
22115,Vernon,6.0,Cases_Other,11.0,11.0,11.0,11.0,11.0,11.0,11.0,27.0,27.0,27.0,27.0,27.0,27.0
22115,Vernon,6.0,Deaths_Unknown,,,,,,,,,,,,,
22115,Vernon,6.0,Deaths_White,,,,,,,,,,,,,
22115,Vernon,6.0,Cases_Unknown,87.0,87.0,87.0,87.0,87.0,87.0,87.0,111.0,111.0,111.0,111.0,111.0,111.0
22115,Vernon,6.0,Deaths_Black,,,,,,,,,,,,,
22115,Vernon,6.0,Cases_White,62.0,62.0,62.0,62.0,62.0,62.0,62.0,113.0,113.0,113.0,113.0,113.0,113.0
22117,Washington,9.0,Deaths_Other,0.0,0.0,0.0,0.0,0.0,0.0,0.0,0.0,0.0,0.0,0.0,0.0,0.0
22117,Washington,9.0,Deaths_White,25.0,25.0,25.0,25.0,25.0,25.0,25.0,29.0,29.0,29.0,29.0,29.0,29.0
22117,Washington,9.0,Deaths_Black,22.0,22.0,22.0,22.0,22.0,22.0,22.0,22.0,22.0,22.0,22.0,22.0,22.0
22117,Washington,9.0,Deaths_Unknown,0.0,0.0,0.0,0.0,0.0,0.0,0.0,0.0,0.0,0.0,0.0,0.0,0.0
22117,Washington,9.0,Cases_Other,90.0,90.0,90.0,90.0,90.0,90.0,90.0,117.0,117.0,117.0,117.0,117.0,117.0
22117,Washington,9.0,Cases_White,256.0,256.0,256.0,256.0,256.0,256.0,256.0,314.0,314.0,314.0,314.0,314.0,314.0
22117,Washington,9.0,Cases_Black,265.0,265.0,265.0,265.0,265.0,265.0,265.0,298.0,298.0,298.0,298.0,298.0,298.0
22117,Washington,9.0,Cases_Unknown,114.0,114.0,114.0,114.0,114.0,114.0,114.0,125.0,125.0,125.0,125.0,125.0,125.0
22119,Webster,7.0,Deaths_Unknown,,,,,,,,,,,,,
22119,Webster,7.0,Deaths_White,,,,,,,,,,,,,
22119,Webster,7.0,Deaths_Black,,,,,,,,,,,,,
22119,Webster,7.0,Cases_White,123.0,123.0,123.0,123.0,123.0,123.0,123.0,156.0,156.0,156.0,156.0,156.0,156.0
22119,Webster,7.0,Deaths_Other,,,,,,,,,,,,,
22119,Webster,7.0,Cases_Unknown,73.0,73.0,73.0,73.0,73.0,73.0,73.0,71.0,71.0,71.0,71.0,71.0,71.0
22119,Webster,7.0,Cases_Black,194.0,194.0,194.0,194.0,194.0,194.0,194.0,231.0,231.0,231.0,231.0,231.0,231.0
22119,Webster,7.0,Cases_Other,53.0,53.0,53.0,53.0,53.0,53.0,53.0,81.0,81.0,81.0,81.0,81.0,81.0
22121,West Baton Rouge,2.0,Deaths_Other,0.0,0.0,0.0,0.0,0.0,0.0,0.0,0.0,0.0,0.0,0.0,0.0,0.0
22121,West Baton Rouge,2.0,Cases_Black,145.0,145.0,145.0,145.0,145.0,145.0,145.0,189.0,189.0,189.0,189.0,189.0,189.0
22121,West Baton Rouge,2.0,Deaths_Black,20.0,20.0,20.0,20.0,20.0,20.0,20.0,21.0,21.0,21.0,21.0,21.0,21.0
22121,West Baton Rouge,2.0,Cases_Unknown,53.0,53.0,53.0,53.0,53.0,53.0,53.0,51.0,51.0,51.0,51.0,51.0,51.0
22121,West Baton Rouge,2.0,Deaths_White,10.0,10.0,10.0,10.0,10.0,10.0,10.0,11.0,11.0,11.0,11.0,11.0,11.0
22121,West Baton Rouge,2.0,Deaths_Unknown,0.0,0.0,0.0,0.0,0.0,0.0,0.0,0.0,0.0,0.0,0.0,0.0,0.0
22121,West Baton Rouge,2.0,Cases_Other,25.0,25.0,25.0,25.0,25.0,25.0,25.0,33.0,33.0,33.0,33.0,33.0,33.0
22121,West Baton Rouge,2.0,Cases_White,85.0,85.0,85.0,85.0,85.0,85.0,85.0,122.0,122.0,122.0,122.0,122.0,122.0
22123,West Carroll,8.0,Cases_Other,32.0,32.0,32.0,32.0,32.0,32.0,32.0,37.0,37.0,37.0,37.0,37.0,37.0
22123,West Carroll,8.0,Deaths_Black,,,,,,,,,,,,,
22123,West Carroll,8.0,Cases_Unknown,25.0,25.0,25.0,25.0,25.0,25.0,25.0,26.0,26.0,26.0,26.0,26.0,26.0
22123,West Carroll,8.0,Deaths_Unknown,,,,,,,,,,,,,
22123,West Carroll,8.0,Cases_Black,54.0,54.0,54.0,54.0,54.0,54.0,54.0,60.0,60.0,60.0,60.0,60.0,60.0
22123,West Carroll,8.0,Deaths_Other,,,,,,,,,,,,,
22123,West Carroll,8.0,Cases_White,41.0,41.0,41.0,41.0,41.0,41.0,41.0,48.0,48.0,48.0,48.0,48.0,48.0
22123,West Carroll,8.0,Deaths_White,,,,,,,,,,,,,
22125,West Feliciana,2.0,Cases_White,61.0,61.0,61.0,61.0,61.0,61.0,61.0,76.0,76.0,76.0,76.0,76.0,76.0
22125,West Feliciana,2.0,Deaths_Unknown,,,,,,,,,,,,,
22125,West Feliciana,2.0,Deaths_Black,,,,,,,,,,,,,
22125,West Feliciana,2.0,Deaths_White,,,,,,,,,,,,,
22125,West Feliciana,2.0,Cases_Black,138.0,138.0,138.0,138.0,138.0,138.0,138.0,148.0,148.0,148.0,148.0,148.0,148.0
22125,West Feliciana,2.0,Cases_Other,19.0,19.0,19.0,19.0,19.0,19.0,19.0,20.0,20.0,20.0,20.0,20.0,20.0
22125,West Feliciana,2.0,Deaths_Other,,,,,,,,,,,,,
22125,West Feliciana,2.0,Cases_Unknown,34.0,34.0,34.0,34.0,34.0,34.0,34.0,30.0,30.0,30.0,30.0,30.0,30.0
22127,Winn,6.0,Deaths_Unknown,,,,,,,,,,,,,
22127,Winn,6.0,Cases_White,31.0,31.0,31.0,31.0,31.0,31.0,31.0,41.0,41.0,41.0,41.0,41.0,41.0
22127,Winn,6.0,Cases_Black,62.0,62.0,62.0,62.0,62.0,62.0,62.0,75.0,75.0,75.0,75.0,75.0,75.0
22127,Winn,6.0,Deaths_Other,,,,,,,,,,,,,
22127,Winn,6.0,Deaths_White,,,,,,,,,,,,,
22127,Winn,6.0,Deaths_Black,,,,,,,,,,,,,
22127,Winn,6.0,Cases_Other,64.0,64.0,64.0,64.0,64.0,64.0,64.0,66.0,66.0,66.0,66.0,66.0,66.0
22127,Winn,6.0,Cases_Unknown,102.0,102.0,102.0,102.0,102.0,102.0,102.0,109.0,109.0,109.0,109.0,109.0,109.0
